0,-0.012223109,51.54153462
1,-0.012228449,51.54153709
2,-0.012233794,51.54153954
3,-0.012239143,51.54154199
4,-0.012244496,51.54154442
5,-0.012249853,51.54154685
6,-0.012255214,51.54154927
7,-0.012260577,51.54155168
8,-0.012265944,51.54155409
9,-0.012271314,51.54155649
10,-0.012276686,51.54155888
11,-0.012282061,51.54156127
12,-0.012287437,51.54156365
13,-0.012292815,51.54156603
14,-0.012298195,51.54156841
15,-0.012303576,51.54157078
16,-0.012308958,51.54157316
17,-0.012314341,51.54157553
18,-0.012319724,51.54157789
19,-0.012325108,51.54158026
20,-0.012330491,51.54158263
21,-0.012335874,51.541585
22,-0.012341257,51.54158737
23,-0.012346639,51.54158974
24,-0.01235202,51.54159211
25,-0.0123574,51.54159449
26,-0.012362778,51.54159687
27,-0.012368154,51.54159926
28,-0.012373529,51.54160164
29,-0.012378901,51.54160404
30,-0.01238427,51.54160644
31,-0.012389637,51.54160884
32,-0.012395001,51.54161125
33,-0.012400361,51.54161367
34,-0.012405718,51.5416161
35,-0.012411071,51.54161854
36,-0.01241642,51.54162098
37,-0.012421765,51.54162344
38,-0.012427105,51.5416259
39,-0.012432439,51.54162838
40,-0.012437769,51.54163087
41,-0.012443093,51.54163336
42,-0.012448412,51.54163588
43,-0.012453724,51.5416384
44,-0.012459031,51.54164093
45,-0.012464335,51.54164348
46,-0.012469639,51.54164602
47,-0.012474947,51.54164855
48,-0.012480262,51.54165107
49,-0.012485586,51.54165357
50,-0.012490922,51.54165604
51,-0.012496274,51.54165848
52,-0.012501644,51.54166088
53,-0.012507035,51.54166323
54,-0.012512449,51.54166553
55,-0.012517888,51.54166776
56,-0.012523355,51.54166993
57,-0.01252885,51.54167203
58,-0.012534376,51.54167404
59,-0.01253993,51.54167597
60,-0.012545511,51.54167783
61,-0.012551117,51.54167961
62,-0.012556746,51.54168131
63,-0.012562396,51.54168294
64,-0.012568067,51.5416845
65,-0.012573757,51.54168599
66,-0.012579464,51.54168741
67,-0.012585191,51.54168875
68,-0.012590935,51.54169001
69,-0.012596697,51.54169119
70,-0.012602476,51.54169228
71,-0.012608272,51.54169328
72,-0.012614084,51.54169418
73,-0.012619911,51.54169498
74,-0.01262575,51.54169568
75,-0.012631601,51.54169628
76,-0.012637461,51.54169678
77,-0.012643328,51.54169719
78,-0.012649201,51.54169749
79,-0.012655078,51.54169771
80,-0.012660958,51.54169783
81,-0.01266684,51.54169786
82,-0.012672721,51.5416978
83,-0.0126786,51.54169765
84,-0.012684477,51.54169742
85,-0.01269035,51.5416971
86,-0.012696217,51.54169671
87,-0.01270208,51.54169623
88,-0.012707936,51.54169569
89,-0.012713788,51.5416951
90,-0.012719639,51.54169451
91,-0.012725491,51.54169393
92,-0.012731349,51.5416934
93,-0.012737213,51.54169295
94,-0.012743084,51.54169261
95,-0.012748962,51.5416924
96,-0.012754842,51.54169233
97,-0.012760723,51.5416924
98,-0.012766601,51.5416926
99,-0.012772473,51.54169293
100,-0.012778336,51.5416934
101,-0.012784186,51.54169399
102,-0.012790022,51.54169472
103,-0.01279584,51.54169558
104,-0.012801638,51.54169657
105,-0.012807415,51.54169767
106,-0.012813168,51.54169889
107,-0.012818897,51.54170022
108,-0.012824603,51.54170165
109,-0.012830284,51.54170317
110,-0.012835941,51.54170478
111,-0.012841575,51.54170646
112,-0.012847185,51.54170823
113,-0.012852767,51.54171008
114,-0.012858316,51.54171203
115,-0.012863825,51.54171409
116,-0.01286929,51.54171626
117,-0.012874704,51.54171856
118,-0.012880058,51.54172099
119,-0.012885345,51.54172357
120,-0.012890558,51.54172629
121,-0.012895696,51.54172915
122,-0.012900755,51.54173215
123,-0.012905735,51.54173528
124,-0.012910633,51.54173854
125,-0.012915449,51.54174191
126,-0.012920175,51.54174541
127,-0.012924783,51.54174907
128,-0.01292924,51.5417529
129,-0.012933505,51.54175695
130,-0.012937533,51.54176124
131,-0.012941273,51.54176577
132,-0.012944697,51.54177055
133,-0.01294783,51.54177553
134,-0.012950706,51.54178066
135,-0.012953363,51.54178591
136,-0.01295584,51.54179124
137,-0.012958176,51.54179664
138,-0.012960364,51.5418021
139,-0.012962339,51.54180764
140,-0.012964031,51.54181327
141,-0.012965366,51.54181899
142,-0.012966277,51.5418248
143,-0.012966718,51.54183067
144,-0.012966663,51.54183654
145,-0.012966076,51.54184239
146,-0.012964914,51.54184816
147,-0.012963169,51.54185377
148,-0.012960953,51.54185922
149,-0.012958403,51.54186452
150,-0.012955642,51.54186971
151,-0.012952781,51.54187485
152,-0.012949878,51.54187996
153,-0.012946906,51.54188504
154,-0.012943829,51.54189005
155,-0.012940616,51.54189498
156,-0.012937239,51.54189979
157,-0.012933678,51.54190447
158,-0.012929921,51.541909
159,-0.012925955,51.54191334
160,-0.012921771,51.54191747
161,-0.012917363,51.54192136
162,-0.012912751,51.54192501
163,-0.012907957,51.54192842
164,-0.012903004,51.54193159
165,-0.012897911,51.54193453
166,-0.012892696,51.54193724
167,-0.012887372,51.54193974
168,-0.012881957,51.54194204
169,-0.012876469,51.54194415
170,-0.012870925,51.54194611
171,-0.012865339,51.54194795
172,-0.012859724,51.5419497
173,-0.012854089,51.54195139
174,-0.012848446,51.54195304
175,-0.012842802,51.5419547
176,-0.012837158,51.54195635
177,-0.012831507,51.54195798
178,-0.012825842,51.54195956
179,-0.012820156,51.54196107
180,-0.012814445,51.54196247
181,-0.012808704,51.54196374
182,-0.01280293,51.54196487
183,-0.012797125,51.5419658
184,-0.012791289,51.54196654
185,-0.012785434,51.54196708
186,-0.012779565,51.54196747
187,-0.012773689,51.54196772
188,-0.01276781,51.54196787
189,-0.012761929,51.54196795
190,-0.012756048,51.54196798
191,-0.012750167,51.54196799
192,-0.012744286,51.541968
193,-0.012738404,51.54196805
194,-0.012732523,51.5419681
195,-0.012726642,51.54196814
196,-0.012720761,51.54196813
197,-0.01271488,51.54196804
198,-0.012709003,51.54196783
199,-0.012703132,51.54196748
200,-0.012697276,51.54196694
201,-0.012691443,51.54196619
202,-0.012685648,51.54196519
203,-0.012679905,51.54196392
204,-0.012674221,51.54196242
205,-0.012668595,51.5419607
206,-0.012663024,51.54195882
207,-0.012657504,51.54195679
208,-0.012652026,51.54195465
209,-0.01264658,51.54195243
210,-0.012641158,51.54195015
211,-0.012635747,51.54194785
212,-0.012630337,51.54194554
213,-0.012624922,51.54194324
214,-0.012619501,51.54194096
215,-0.012614077,51.54193869
216,-0.01260865,51.54193642
217,-0.012603221,51.54193416
218,-0.012597791,51.5419319
219,-0.012592362,51.54192964
220,-0.012586933,51.54192738
221,-0.012581506,51.54192511
222,-0.012576083,51.54192283
223,-0.012570664,51.54192055
224,-0.01256525,51.54191825
225,-0.012559843,51.54191594
226,-0.012554443,51.54191361
227,-0.01254905,51.54191126
228,-0.012543665,51.5419089
229,-0.012538288,51.54190651
230,-0.012532917,51.54190412
231,-0.012527554,51.5419017
232,-0.012522196,51.54189928
233,-0.012516845,51.54189684
234,-0.0125115,51.54189438
235,-0.012506161,51.54189192
236,-0.012500827,51.54188944
237,-0.012495498,51.54188695
238,-0.012490174,51.54188445
239,-0.012484855,51.54188194
240,-0.01247954,51.54187943
241,-0.012474229,51.5418769
242,-0.012468921,51.54187437
243,-0.012463617,51.54187182
244,-0.012458316,51.54186928
245,-0.012453018,51.54186672
246,-0.012447722,51.54186417
247,-0.012442428,51.5418616
248,-0.012437136,51.54185904
249,-0.012431846,51.54185647
250,-0.012426557,51.5418539
251,-0.012421268,51.54185132
252,-0.012415981,51.54184875
253,-0.012410694,51.54184617
254,-0.012405407,51.54184359
255,-0.01240012,51.54184102
256,-0.012394834,51.54183844
257,-0.012389548,51.54183586
258,-0.012384262,51.54183328
259,-0.012378975,51.54183071
260,-0.012373689,51.54182813
261,-0.012368402,51.54182555
262,-0.012363115,51.54182298
263,-0.012357827,51.5418204
264,-0.012352539,51.54181783
265,-0.01234725,51.54181525
266,-0.012341961,51.54181268
267,-0.01233667,51.54181011
268,-0.012331379,51.54180755
269,-0.012326086,51.54180498
270,-0.012320792,51.54180242
271,-0.012315498,51.54179986
272,-0.012310201,51.5417973
273,-0.012304904,51.54179475
274,-0.012299605,51.5417922
275,-0.012294304,51.54178965
276,-0.012289001,51.5417871
277,-0.012283697,51.54178456
278,-0.012278391,51.54178203
279,-0.012273083,51.54177949
280,-0.012267773,51.54177697
281,-0.012262461,51.54177444
282,-0.012257146,51.54177192
283,-0.012251829,51.54176941
284,-0.01224651,51.5417669
285,-0.012241188,51.5417644
286,-0.012235864,51.5417619
287,-0.012230537,51.5417594
288,-0.012225208,51.54175692
289,-0.012219876,51.54175443
290,-0.012214543,51.54175196
291,-0.012209207,51.54174948
292,-0.012203869,51.54174701
293,-0.012198529,51.54174455
294,-0.012193188,51.54174209
295,-0.012187845,51.54173963
296,-0.0121825,51.54173717
297,-0.012177154,51.54173472
298,-0.012171806,51.54173227
299,-0.012166457,51.54172983
300,-0.012161108,51.54172739
301,-0.012155757,51.54172495
302,-0.012150405,51.54172251
303,-0.012145052,51.54172007
304,-0.012139699,51.54171763
305,-0.012134344,51.5417152
306,-0.01212899,51.54171277
307,-0.012123635,51.54171034
308,-0.012118279,51.54170791
309,-0.012112924,51.54170548
310,-0.012107568,51.54170305
311,-0.012102212,51.54170062
312,-0.012096856,51.54169819
313,-0.012091501,51.54169575
314,-0.012086145,51.54169332
315,-0.01208079,51.54169089
316,-0.012075436,51.54168846
317,-0.012070082,51.54168602
318,-0.012064729,51.54168359
319,-0.012059376,51.54168115
320,-0.012054025,51.54167871
321,-0.012048674,51.54167627
322,-0.012043324,51.54167383
323,-0.012037975,51.54167138
324,-0.012032628,51.54166893
325,-0.012027282,51.54166648
326,-0.012021936,51.54166403
327,-0.012016593,51.54166157
328,-0.01201125,51.54165911
329,-0.01200591,51.54165665
330,-0.01200057,51.54165418
331,-0.011995233,51.54165171
332,-0.011989897,51.54164924
333,-0.011984563,51.54164676
334,-0.01197923,51.54164428
335,-0.0119739,51.5416418
336,-0.011968572,51.54163931
337,-0.011963245,51.54163681
338,-0.011957921,51.54163431
339,-0.011952599,51.54163181
340,-0.01194728,51.5416293
341,-0.011941963,51.54162679
342,-0.011936648,51.54162427
343,-0.011931336,51.54162175
344,-0.011926027,51.54161922
345,-0.01192072,51.54161668
346,-0.011915416,51.54161414
347,-0.011910115,51.54161159
348,-0.011904817,51.54160904
349,-0.011899521,51.54160648
350,-0.011894228,51.54160392
351,-0.011888938,51.54160135
352,-0.01188365,51.54159877
353,-0.011878365,51.54159619
354,-0.011873082,51.54159361
355,-0.0118678,51.54159102
356,-0.011862521,51.54158843
357,-0.011857243,51.54158583
358,-0.011851968,51.54158323
359,-0.011846693,51.54158063
360,-0.01184142,51.54157803
361,-0.011836149,51.54157542
362,-0.011830878,51.54157281
363,-0.011825609,51.5415702
364,-0.01182034,51.54156758
365,-0.011815073,51.54156497
366,-0.011809806,51.54156235
367,-0.011804539,51.54155973
368,-0.011799273,51.54155711
369,-0.011794007,51.54155449
370,-0.011788742,51.54155187
371,-0.011783476,51.54154925
372,-0.01177821,51.54154663
373,-0.011772944,51.54154402
374,-0.011767678,51.5415414
375,-0.011762411,51.54153878
376,-0.011757144,51.54153616
377,-0.011751876,51.54153355
378,-0.011746606,51.54153094
379,-0.011741336,51.54152833
380,-0.011736065,51.54152572
381,-0.011730793,51.54152311
382,-0.01172552,51.54152051
383,-0.011720246,51.5415179
384,-0.011714971,51.5415153
385,-0.011709695,51.5415127
386,-0.011704418,51.54151011
387,-0.01169914,51.54150751
388,-0.011693862,51.54150492
389,-0.011688583,51.54150233
390,-0.011683303,51.54149973
391,-0.011678022,51.54149715
392,-0.01167274,51.54149456
393,-0.011667458,51.54149197
394,-0.011662176,51.54148939
395,-0.011656892,51.5414868
396,-0.011651608,51.54148422
397,-0.011646324,51.54148164
398,-0.011641039,51.54147906
399,-0.011635754,51.54147648
400,-0.011630468,51.5414739
401,-0.011625181,51.54147132
402,-0.011619895,51.54146875
403,-0.011614607,51.54146617
404,-0.01160932,51.54146359
405,-0.011604032,51.54146102
406,-0.011598744,51.54145844
407,-0.011593456,51.54145587
408,-0.011588167,51.5414533
409,-0.011582879,51.54145073
410,-0.01157759,51.54144815
411,-0.011572301,51.54144558
412,-0.011567012,51.54144301
413,-0.011561722,51.54144044
414,-0.011556433,51.54143786
415,-0.011551144,51.54143529
416,-0.011545855,51.54143272
417,-0.011540565,51.54143015
418,-0.011535276,51.54142758
419,-0.011529987,51.54142501
420,-0.011524698,51.54142243
421,-0.01151941,51.54141986
422,-0.011514121,51.54141729
423,-0.011508834,51.54141471
424,-0.011503547,51.54141214
425,-0.01149826,51.54140956
426,-0.011492975,51.54140698
427,-0.01148769,51.5414044
428,-0.011482407,51.54140181
429,-0.011477124,51.54139923
430,-0.011471843,51.54139664
431,-0.011466563,51.54139405
432,-0.011461285,51.54139145
433,-0.011456009,51.54138886
434,-0.011450734,51.54138626
435,-0.011445461,51.54138365
436,-0.01144019,51.54138104
437,-0.011434921,51.54137843
438,-0.011429654,51.54137581
439,-0.011424389,51.54137319
440,-0.011419127,51.54137056
441,-0.011413868,51.54136793
442,-0.011408611,51.54136529
443,-0.011403356,51.54136265
444,-0.011398105,51.54136
445,-0.011392857,51.54135735
446,-0.011387612,51.54135469
447,-0.01138237,51.54135202
448,-0.011377131,51.54134935
449,-0.011371896,51.54134667
450,-0.011366665,51.54134398
451,-0.011361437,51.54134129
452,-0.011356213,51.54133858
453,-0.011350993,51.54133587
454,-0.011345778,51.54133316
455,-0.011340566,51.54133043
456,-0.011335359,51.5413277
457,-0.011330155,51.54132496
458,-0.011324955,51.54132221
459,-0.011319758,51.54131946
460,-0.011314562,51.5413167
461,-0.011309369,51.54131394
462,-0.011304176,51.54131118
463,-0.011298984,51.54130842
464,-0.011293791,51.54130565
465,-0.011288598,51.54130289
466,-0.011283404,51.54130013
467,-0.011278208,51.54129738
468,-0.01127301,51.54129463
469,-0.011267809,51.54129188
470,-0.011262605,51.54128914
471,-0.011257396,51.54128641
472,-0.011252183,51.54128369
473,-0.011246965,51.54128098
474,-0.011241741,51.54127827
475,-0.011236512,51.54127558
476,-0.011231275,51.5412729
477,-0.011226032,51.54127024
478,-0.011220781,51.54126759
479,-0.011215524,51.54126495
480,-0.01121026,51.54126233
481,-0.01120499,51.54125972
482,-0.011199713,51.54125712
483,-0.011194431,51.54125454
484,-0.011189142,51.54125196
485,-0.011183848,51.5412494
486,-0.011178549,51.54124685
487,-0.011173244,51.54124431
488,-0.011167935,51.54124178
489,-0.01116262,51.54123926
490,-0.011157301,51.54123675
491,-0.011151977,51.54123425
492,-0.011146649,51.54123176
493,-0.011141317,51.54122928
494,-0.011135981,51.54122681
495,-0.011130642,51.54122434
496,-0.011125298,51.54122189
497,-0.011119952,51.54121944
498,-0.011114602,51.54121699
499,-0.011109249,51.54121456
500,-0.011103893,51.54121213
501,-0.011098535,51.5412097
502,-0.011093174,51.54120728
503,-0.01108781,51.54120487
504,-0.011082444,51.54120246
505,-0.011077077,51.54120006
506,-0.011071707,51.54119766
507,-0.011066336,51.54119526
508,-0.011060963,51.54119287
509,-0.011055589,51.54119048
510,-0.011050213,51.5411881
511,-0.011044837,51.54118571
512,-0.011039459,51.54118333
513,-0.011034081,51.54118095
514,-0.011028702,51.54117857
515,-0.011023323,51.54117619
516,-0.011017944,51.54117382
517,-0.011012564,51.54117144
518,-0.011007184,51.54116906
519,-0.011001805,51.54116669
520,-0.010996425,51.54116431
521,-0.010991045,51.54116193
522,-0.010985666,51.54115956
523,-0.010980286,51.54115718
524,-0.010974907,51.5411548
525,-0.010969527,51.54115242
526,-0.010964148,51.54115005
527,-0.010958769,51.54114767
528,-0.010953389,51.54114529
529,-0.01094801,51.54114291
530,-0.010942631,51.54114054
531,-0.010937252,51.54113816
532,-0.010931873,51.54113578
533,-0.010926493,51.5411334
534,-0.010921114,51.54113102
535,-0.010915735,51.54112865
536,-0.010910357,51.54112627
537,-0.010904978,51.54112389
538,-0.010899599,51.54112151
539,-0.01089422,51.54111913
540,-0.010888842,51.54111675
541,-0.010883463,51.54111437
542,-0.010878085,51.54111199
543,-0.010872707,51.54110961
544,-0.010867328,51.54110723
545,-0.01086195,51.54110485
546,-0.010856572,51.54110247
547,-0.010851194,51.54110009
548,-0.010845816,51.54109771
549,-0.010840439,51.54109533
550,-0.010835061,51.54109295
551,-0.010829683,51.54109057
552,-0.010824306,51.54108818
553,-0.010818929,51.5410858
554,-0.010813551,51.54108342
555,-0.010808174,51.54108104
556,-0.010802797,51.54107865
557,-0.010797421,51.54107627
558,-0.010792044,51.54107389
559,-0.010786667,51.5410715
560,-0.010781291,51.54106912
561,-0.010775915,51.54106674
562,-0.010770538,51.54106435
563,-0.010765162,51.54106197
564,-0.010759787,51.54105958
565,-0.010754411,51.5410572
566,-0.010749035,51.54105481
567,-0.01074366,51.54105242
568,-0.010738285,51.54105004
569,-0.010732909,51.54104765
570,-0.010727534,51.54104526
571,-0.010722159,51.54104287
572,-0.010716784,51.54104049
573,-0.010711409,51.5410381
574,-0.010706034,51.54103571
575,-0.010700659,51.54103333
576,-0.010695283,51.54103094
577,-0.010689908,51.54102855
578,-0.010684531,51.54102617
579,-0.010679155,51.54102379
580,-0.010673778,51.5410214
581,-0.010668401,51.54101902
582,-0.010663023,51.54101664
583,-0.010657645,51.54101426
584,-0.010652266,51.54101188
585,-0.010646886,51.5410095
586,-0.010641506,51.54100713
587,-0.010636125,51.54100476
588,-0.010630743,51.54100238
589,-0.01062536,51.54100001
590,-0.010619976,51.54099765
591,-0.010614592,51.54099528
592,-0.010609206,51.54099292
593,-0.01060382,51.54099056
594,-0.010598432,51.5409882
595,-0.010593043,51.54098584
596,-0.010587653,51.54098349
597,-0.010582262,51.54098114
598,-0.010576869,51.54097879
599,-0.010571475,51.54097645
600,-0.01056608,51.54097411
601,-0.010560683,51.54097177
602,-0.010555285,51.54096943
603,-0.010549886,51.5409671
604,-0.010544484,51.54096478
605,-0.010539081,51.54096245
606,-0.010533677,51.54096013
607,-0.010528271,51.54095782
608,-0.010522863,51.5409555
609,-0.010517453,51.5409532
610,-0.010512041,51.54095089
611,-0.010506628,51.5409486
612,-0.010501213,51.5409463
613,-0.010495795,51.54094401
614,-0.010490376,51.54094173
615,-0.010484954,51.54093945
616,-0.010479531,51.54093717
617,-0.010474105,51.5409349
618,-0.010468677,51.54093264
619,-0.010463247,51.54093038
620,-0.010457815,51.54092812
621,-0.010452381,51.54092587
622,-0.010446945,51.54092363
623,-0.010441507,51.54092139
624,-0.010436067,51.54091915
625,-0.010430626,51.54091692
626,-0.010425183,51.54091469
627,-0.010419738,51.54091247
628,-0.010414292,51.54091025
629,-0.010408845,51.54090803
630,-0.010403396,51.54090582
631,-0.010397947,51.54090361
632,-0.010392496,51.5409014
633,-0.010387044,51.54089919
634,-0.010381591,51.54089699
635,-0.010376138,51.54089479
636,-0.010370683,51.54089259
637,-0.010365228,51.54089039
638,-0.010359772,51.54088819
639,-0.010354316,51.540886
640,-0.010348859,51.5408838
641,-0.010343402,51.54088161
642,-0.010337945,51.54087942
643,-0.010332487,51.54087723
644,-0.010327029,51.54087503
645,-0.010321571,51.54087284
646,-0.010316114,51.54087065
647,-0.010310656,51.54086846
648,-0.010305198,51.54086627
649,-0.010299741,51.54086408
650,-0.010294284,51.54086188
651,-0.010288828,51.54085969
652,-0.010283372,51.54085749
653,-0.010277916,51.54085529
654,-0.010272461,51.5408531
655,-0.010267006,51.5408509
656,-0.010261551,51.5408487
657,-0.010256096,51.5408465
658,-0.010250641,51.5408443
659,-0.010245185,51.54084211
660,-0.010239729,51.54083991
661,-0.010234272,51.54083772
662,-0.010228815,51.54083552
663,-0.010223356,51.54083334
664,-0.010217896,51.54083115
665,-0.010212436,51.54082896
666,-0.010206973,51.54082678
667,-0.01020151,51.54082461
668,-0.010196044,51.54082243
669,-0.010190577,51.54082027
670,-0.010185108,51.5408181
671,-0.010179637,51.54081595
672,-0.010174164,51.54081379
673,-0.010168688,51.54081165
674,-0.01016321,51.54080951
675,-0.010157729,51.54080737
676,-0.010152246,51.54080525
677,-0.01014676,51.54080313
678,-0.010141271,51.54080102
679,-0.010135778,51.54079891
680,-0.010130283,51.54079682
681,-0.010124784,51.54079473
682,-0.010119281,51.54079265
683,-0.010113775,51.54079059
684,-0.010108266,51.54078853
685,-0.010102752,51.54078648
686,-0.010097235,51.54078444
687,-0.010091714,51.54078242
688,-0.010086189,51.5407804
689,-0.01008066,51.5407784
690,-0.010075127,51.5407764
691,-0.010069591,51.54077442
692,-0.01006405,51.54077245
693,-0.010058505,51.54077049
694,-0.010052956,51.54076854
695,-0.010047402,51.5407666
696,-0.010041845,51.54076468
697,-0.010036283,51.54076276
698,-0.010030717,51.54076086
699,-0.010025147,51.54075898
700,-0.010019573,51.5407571
701,-0.010013994,51.54075524
702,-0.010008411,51.54075339
703,-0.010002823,51.54075156
704,-0.009997231,51.54074973
705,-0.009991634,51.54074793
706,-0.009986033,51.54074613
707,-0.009980428,51.54074435
708,-0.009974817,51.54074259
709,-0.009969203,51.54074084
710,-0.009963584,51.5407391
711,-0.00995796,51.54073738
712,-0.009952331,51.54073567
713,-0.009946698,51.54073398
714,-0.009941061,51.54073231
715,-0.009935419,51.54073065
716,-0.009929772,51.540729
717,-0.009924121,51.54072737
718,-0.009918466,51.54072576
719,-0.009912808,51.54072415
720,-0.009907146,51.54072256
721,-0.009901481,51.54072098
722,-0.009895813,51.54071941
723,-0.009890143,51.54071785
724,-0.009884469,51.5407163
725,-0.009878794,51.54071476
726,-0.009873116,51.54071322
727,-0.009867437,51.54071169
728,-0.009861756,51.54071017
729,-0.009856073,51.54070866
730,-0.009850389,51.54070715
731,-0.009844704,51.54070564
732,-0.009839018,51.54070414
733,-0.009833332,51.54070263
734,-0.009827645,51.54070114
735,-0.009821958,51.54069964
736,-0.00981627,51.54069814
737,-0.009810583,51.54069664
738,-0.009804896,51.54069514
739,-0.00979921,51.54069364
740,-0.009793524,51.54069214
741,-0.009787838,51.54069063
742,-0.009782153,51.54068912
743,-0.009776469,51.54068762
744,-0.009770784,51.54068611
745,-0.0097651,51.5406846
746,-0.009759416,51.54068309
747,-0.009753731,51.54068158
748,-0.009748047,51.54068007
749,-0.009742363,51.54067856
750,-0.009736678,51.54067705
751,-0.009730994,51.54067554
752,-0.009725309,51.54067404
753,-0.009719623,51.54067253
754,-0.009713937,51.54067103
755,-0.009708251,51.54066952
756,-0.009702564,51.54066803
757,-0.009696876,51.54066653
758,-0.009691188,51.54066503
759,-0.009685499,51.54066354
760,-0.009679809,51.54066206
761,-0.009674118,51.54066057
762,-0.009668426,51.54065909
763,-0.009662733,51.54065761
764,-0.009657039,51.54065614
765,-0.009651344,51.54065467
766,-0.009645647,51.54065321
767,-0.009639949,51.54065175
768,-0.009634251,51.5406503
769,-0.00962855,51.54064885
770,-0.009622849,51.54064741
771,-0.009617147,51.54064597
772,-0.009611443,51.54064453
773,-0.009605739,51.5406431
774,-0.009600033,51.54064167
775,-0.009594327,51.54064025
776,-0.009588619,51.54063883
777,-0.009582911,51.54063742
778,-0.009577202,51.540636
779,-0.009571491,51.5406346
780,-0.00956578,51.54063319
781,-0.009560068,51.54063179
782,-0.009554356,51.54063039
783,-0.009548642,51.540629
784,-0.009542928,51.5406276
785,-0.009537213,51.54062622
786,-0.009531497,51.54062483
787,-0.009525781,51.54062345
788,-0.009520064,51.54062207
789,-0.009514347,51.54062069
790,-0.009508629,51.54061931
791,-0.00950291,51.54061794
792,-0.009497191,51.54061657
793,-0.009491471,51.5406152
794,-0.009485751,51.54061383
795,-0.00948003,51.54061246
796,-0.009474309,51.5406111
797,-0.009468587,51.54060974
798,-0.009462866,51.54060838
799,-0.009457143,51.54060702
800,-0.009451421,51.54060566
801,-0.009445698,51.54060431
802,-0.009439975,51.54060295
803,-0.009434251,51.5406016
804,-0.009428527,51.54060025
805,-0.009422802,51.5405989
806,-0.009417077,51.54059755
807,-0.009411352,51.54059621
808,-0.009405626,51.54059487
809,-0.0093999,51.54059353
810,-0.009394173,51.54059219
811,-0.009388445,51.54059085
812,-0.009382717,51.54058952
813,-0.009376988,51.54058819
814,-0.009371259,51.54058686
815,-0.009365529,51.54058553
816,-0.009359798,51.54058421
817,-0.009354067,51.54058289
818,-0.009348335,51.54058157
819,-0.009342602,51.54058026
820,-0.009336869,51.54057895
821,-0.009331134,51.54057764
822,-0.009325399,51.54057634
823,-0.009319663,51.54057504
824,-0.009313927,51.54057374
825,-0.009308189,51.54057245
826,-0.009302451,51.54057116
827,-0.009296712,51.54056988
828,-0.009290972,51.5405686
829,-0.009285231,51.54056732
830,-0.009279489,51.54056605
831,-0.009273746,51.54056478
832,-0.009268002,51.54056351
833,-0.009262257,51.54056225
834,-0.009256511,51.540561
835,-0.009250764,51.54055975
836,-0.009245017,51.5405585
837,-0.009239268,51.54055726
838,-0.009233518,51.54055602
839,-0.009227768,51.54055479
840,-0.009222017,51.54055356
841,-0.009216266,51.54055233
842,-0.009210514,51.5405511
843,-0.009204762,51.54054987
844,-0.00919901,51.54054864
845,-0.009193258,51.54054742
846,-0.009187507,51.54054619
847,-0.009181755,51.54054496
848,-0.009176004,51.54054373
849,-0.009170253,51.5405425
850,-0.009164503,51.54054126
851,-0.009158754,51.54054002
852,-0.009153006,51.54053878
853,-0.009147258,51.54053753
854,-0.009141512,51.54053628
855,-0.009135767,51.54053502
856,-0.009130023,51.54053375
857,-0.009124281,51.54053248
858,-0.009118541,51.5405312
859,-0.009112802,51.54052992
860,-0.009107065,51.54052862
861,-0.00910133,51.54052732
862,-0.009095598,51.540526
863,-0.009089868,51.54052468
864,-0.00908414,51.54052334
865,-0.009078415,51.540522
866,-0.009072692,51.54052064
867,-0.009066972,51.54051927
868,-0.009061255,51.54051789
869,-0.00905554,51.5405165
870,-0.009049828,51.5405151
871,-0.009044118,51.54051369
872,-0.009038411,51.54051227
873,-0.009032707,51.54051084
874,-0.009027005,51.5405094
875,-0.009021306,51.54050794
876,-0.009015609,51.54050648
877,-0.009009914,51.54050501
878,-0.009004222,51.54050353
879,-0.008998533,51.54050204
880,-0.008992846,51.54050054
881,-0.008987161,51.54049904
882,-0.008981479,51.54049752
883,-0.008975799,51.54049599
884,-0.008970121,51.54049446
885,-0.008964446,51.54049292
886,-0.008958773,51.54049136
887,-0.008953102,51.5404898
888,-0.008947433,51.54048824
889,-0.008941767,51.54048666
890,-0.008936103,51.54048508
891,-0.008930441,51.54048349
892,-0.008924782,51.54048189
893,-0.008919125,51.54048028
894,-0.00891347,51.54047866
895,-0.008907818,51.54047704
896,-0.008902168,51.5404754
897,-0.008896521,51.54047376
898,-0.008890877,51.54047211
899,-0.008885235,51.54047044
900,-0.008879596,51.54046877
901,-0.00887396,51.54046709
902,-0.008868327,51.5404654
903,-0.008862698,51.5404637
904,-0.008857071,51.54046199
905,-0.008851447,51.54046026
906,-0.008845827,51.54045853
907,-0.00884021,51.54045679
908,-0.008834597,51.54045503
909,-0.008828988,51.54045326
910,-0.008823382,51.54045148
911,-0.008817781,51.54044969
912,-0.008812183,51.54044789
913,-0.00880659,51.54044607
914,-0.008801002,51.54044424
915,-0.008795418,51.54044239
916,-0.008789838,51.54044053
917,-0.008784264,51.54043865
918,-0.008778694,51.54043677
919,-0.008773128,51.54043486
920,-0.008767566,51.54043295
921,-0.008762006,51.54043104
922,-0.008756446,51.54042912
923,-0.008750887,51.5404272
924,-0.008745326,51.54042528
925,-0.008739763,51.54042337
926,-0.008734197,51.54042147
927,-0.008728627,51.54041959
928,-0.008723052,51.54041772
929,-0.00871747,51.54041586
930,-0.008711881,51.54041403
931,-0.008706284,51.54041222
932,-0.008700679,51.54041044
933,-0.008695067,51.54040868
934,-0.008689452,51.54040693
935,-0.008683837,51.54040519
936,-0.008678223,51.54040343
937,-0.008672615,51.54040166
938,-0.008667015,51.54039986
939,-0.008661426,51.54039803
940,-0.008655852,51.54039616
941,-0.008650295,51.54039423
942,-0.008644761,51.54039224
943,-0.008639252,51.54039018
944,-0.008633775,51.54038804
945,-0.008628332,51.54038581
946,-0.008622926,51.54038349
947,-0.008617553,51.5403811
948,-0.008612209,51.54037865
949,-0.008606886,51.54037614
950,-0.008601579,51.54037361
951,-0.008596282,51.54037105
952,-0.008590989,51.54036849
953,-0.008585692,51.54036593
954,-0.008580387,51.5403634
955,-0.008575065,51.54036089
956,-0.008569722,51.54035843
957,-0.008564352,51.54035603
958,-0.008558953,51.5403537
959,-0.008553529,51.54035143
960,-0.008548086,51.5403492
961,-0.00854263,51.54034701
962,-0.008537165,51.54034483
963,-0.008531698,51.54034266
964,-0.008526232,51.54034049
965,-0.008520774,51.5403383
966,-0.008515327,51.54033608
967,-0.008509898,51.54033382
968,-0.008504492,51.5403315
969,-0.008499116,51.54032912
970,-0.008493775,51.54032666
971,-0.008488477,51.5403241
972,-0.008483221,51.54032147
973,-0.008478003,51.54031875
974,-0.008472819,51.54031598
975,-0.008467664,51.54031314
976,-0.008462533,51.54031027
977,-0.008457421,51.54030736
978,-0.008452322,51.54030443
979,-0.008447231,51.54030149
980,-0.008442142,51.54029854
981,-0.00843705,51.54029559
982,-0.008431948,51.54029267
983,-0.008426832,51.54028977
984,-0.008421696,51.5402869
985,-0.008416536,51.54028408
986,-0.008411358,51.54028129
987,-0.00840617,51.54027852
988,-0.008400981,51.54027575
989,-0.008395799,51.54027297
990,-0.008390632,51.54027016
991,-0.00838549,51.54026731
992,-0.00838038,51.54026439
993,-0.008375313,51.54026141
994,-0.008370299,51.54025834
995,-0.008365347,51.54025516
996,-0.008360468,51.54025188
997,-0.008355675,51.54024847
998,-0.008350981,51.54024493
999,-0.008346403,51.54024124
1000,-0.00834196,51.54023738
1001,-0.008337675,51.54023336
1002,-0.008333575,51.54022914
1003,-0.008329688,51.54022473
1004,-0.008326049,51.54022011
1005,-0.008322694,51.54021528
1006,-0.008319662,51.54021024
1007,-0.008316971,51.54020501
1008,-0.008314604,51.54019963
1009,-0.008312541,51.54019412
1010,-0.00831076,51.54018852
1011,-0.008309234,51.54018284
1012,-0.008307939,51.5401771
1013,-0.008306851,51.54017132
1014,-0.008305959,51.54016551
1015,-0.00830529,51.54015967
1016,-0.008304881,51.5401538
1017,-0.008304774,51.54014792
1018,-0.008305014,51.54014204
1019,-0.008305648,51.5401362
1020,-0.008306724,51.54013042
1021,-0.008308281,51.54012475
1022,-0.008310301,51.54011923
1023,-0.008312729,51.54011387
1024,-0.008315512,51.54010869
1025,-0.008318602,51.54010369
1026,-0.008321953,51.54009886
1027,-0.008325526,51.54009418
1028,-0.00832929,51.54008967
1029,-0.008333214,51.54008529
1030,-0.008337276,51.54008103
1031,-0.008341453,51.54007689
1032,-0.00834573,51.54007286
1033,-0.008350091,51.54006891
1034,-0.008354522,51.54006504
1035,-0.008359008,51.54006124
1036,-0.008363535,51.54005748
1037,-0.008368089,51.54005376
1038,-0.008372655,51.54005006
1039,-0.00837722,51.54004635
1040,-0.00838177,51.54004262
1041,-0.00838629,51.54003886
1042,-0.008390776,51.54003506
1043,-0.008395232,51.54003122
1044,-0.008399661,51.54002735
1045,-0.008404067,51.54002345
1046,-0.008408453,51.54001953
1047,-0.008412823,51.5400156
1048,-0.008417181,51.54001165
1049,-0.008421531,51.54000769
1050,-0.008425876,51.54000373
1051,-0.00843022,51.53999976
1052,-0.008434567,51.5399958
1053,-0.008438921,51.53999185
1054,-0.008443284,51.5399879
1055,-0.008447655,51.53998397
1056,-0.008452032,51.53998004
1057,-0.008456412,51.53997611
1058,-0.008460793,51.53997219
1059,-0.008465171,51.53996826
1060,-0.008469546,51.53996433
1061,-0.008473914,51.53996039
1062,-0.008478273,51.53995644
1063,-0.008482619,51.53995248
1064,-0.008486951,51.53994851
1065,-0.008491267,51.53994451
1066,-0.008495562,51.53994049
1067,-0.008499837,51.53993645
1068,-0.008504091,51.53993239
1069,-0.008508324,51.53992831
1070,-0.008512537,51.5399242
1071,-0.008516729,51.53992008
1072,-0.008520899,51.53991593
1073,-0.008525049,51.53991177
1074,-0.008529178,51.53990758
1075,-0.008533286,51.53990337
1076,-0.008537374,51.53989914
1077,-0.00854144,51.53989489
1078,-0.008545485,51.53989062
1079,-0.00854951,51.53988633
1080,-0.008553516,51.53988203
1081,-0.008557504,51.5398777
1082,-0.008561475,51.53987337
1083,-0.008565429,51.53986901
1084,-0.008569368,51.53986464
1085,-0.008573293,51.53986026
1086,-0.008577205,51.53985587
1087,-0.008581105,51.53985147
1088,-0.008584995,51.53984706
1089,-0.008588874,51.53984264
1090,-0.008592745,51.53983821
1091,-0.008596608,51.53983378
1092,-0.008600465,51.53982934
1093,-0.008604315,51.53982489
1094,-0.008608158,51.53982044
1095,-0.008611994,51.53981598
1096,-0.008615822,51.53981151
1097,-0.008619641,51.53980704
1098,-0.008623452,51.53980256
1099,-0.008627253,51.53979807
1100,-0.008631045,51.53979358
1101,-0.008634826,51.53978907
1102,-0.008638596,51.53978456
1103,-0.008642356,51.53978004
1104,-0.008646103,51.5397755
1105,-0.008649838,51.53977096
1106,-0.00865356,51.53976641
1107,-0.008657269,51.53976184
1108,-0.008660965,51.53975727
1109,-0.00866465,51.53975268
1110,-0.008668329,51.5397481
1111,-0.008672003,51.5397435
1112,-0.008675679,51.53973891
1113,-0.008679357,51.53973432
1114,-0.008683043,51.53972974
1115,-0.008686739,51.53972517
1116,-0.008690449,51.5397206
1117,-0.008694177,51.53971605
1118,-0.008697925,51.53971152
1119,-0.008701697,51.53970701
1120,-0.008705493,51.53970252
1121,-0.008709307,51.53969804
1122,-0.00871313,51.53969357
1123,-0.008716958,51.5396891
1124,-0.008720782,51.53968464
1125,-0.008724597,51.53968016
1126,-0.008728396,51.53967567
1127,-0.008732172,51.53967116
1128,-0.008735917,51.53966663
1129,-0.008739626,51.53966206
1130,-0.00874329,51.53965746
1131,-0.008746903,51.53965282
1132,-0.008750457,51.53964814
1133,-0.00875395,51.5396434
1134,-0.008757387,51.53963863
1135,-0.008760769,51.53963382
1136,-0.008764103,51.53962897
1137,-0.00876739,51.5396241
1138,-0.008770635,51.53961919
1139,-0.008773842,51.53961426
1140,-0.008777015,51.53960931
1141,-0.008780158,51.53960434
1142,-0.008783275,51.53959935
1143,-0.00878637,51.53959435
1144,-0.008789446,51.53958934
1145,-0.008792508,51.53958432
1146,-0.008795556,51.53957929
1147,-0.008798593,51.53957425
1148,-0.008801621,51.53956921
1149,-0.008804644,51.53956416
1150,-0.008807662,51.53955912
1151,-0.00881068,51.53955407
1152,-0.008813698,51.53954902
1153,-0.00881672,51.53954397
1154,-0.008819747,51.53953893
1155,-0.008822783,51.5395339
1156,-0.00882583,51.53952886
1157,-0.008828889,51.53952384
1158,-0.008831964,51.53951883
1159,-0.008835053,51.53951382
1160,-0.008838155,51.53950883
1161,-0.008841265,51.53950383
1162,-0.008844382,51.53949885
1163,-0.008847502,51.53949386
1164,-0.008850622,51.53948888
1165,-0.00885374,51.53948389
1166,-0.008856853,51.5394789
1167,-0.008859957,51.5394739
1168,-0.008863051,51.5394689
1169,-0.008866131,51.53946389
1170,-0.008869195,51.53945887
1171,-0.008872238,51.53945384
1172,-0.00887526,51.53944879
1173,-0.00887826,51.53944373
1174,-0.008881245,51.53943867
1175,-0.008884223,51.5394336
1176,-0.008887201,51.53942852
1177,-0.008890186,51.53942346
1178,-0.008893186,51.5394184
1179,-0.008896207,51.53941335
1180,-0.008899257,51.53940832
1181,-0.008902343,51.53940332
1182,-0.008905471,51.53939834
1183,-0.008908641,51.53939338
1184,-0.008911842,51.53938845
1185,-0.008915064,51.53938353
1186,-0.008918296,51.53937861
1187,-0.008921529,51.5393737
1188,-0.008924753,51.53936878
1189,-0.008927958,51.53936385
1190,-0.008931133,51.5393589
1191,-0.008934285,51.53935393
1192,-0.008937462,51.53934899
1193,-0.008940725,51.53934409
1194,-0.008944129,51.5393393
1195,-0.008947733,51.53933465
1196,-0.008951588,51.53933021
1197,-0.008955735,51.53932604
1198,-0.008960159,51.53932217
1199,-0.008964805,51.53931856
1200,-0.008969625,51.53931519
1201,-0.008974577,51.53931202
1202,-0.008979628,51.53930901
1203,-0.008984747,51.53930611
1204,-0.00898991,51.5393033
1205,-0.008995101,51.53930053
1206,-0.009000324,51.53929783
1207,-0.009005581,51.53929519
1208,-0.009010876,51.53929263
1209,-0.009016211,51.53929016
1210,-0.00902159,51.53928778
1211,-0.009027014,51.5392855
1212,-0.009032483,51.53928334
1213,-0.009037999,51.5392813
1214,-0.009043559,51.53927938
1215,-0.009049162,51.5392776
1216,-0.009054807,51.53927595
1217,-0.009060492,51.53927444
1218,-0.009066214,51.53927308
1219,-0.009071971,51.53927188
1220,-0.009077759,51.53927084
1221,-0.009083576,51.53926997
1222,-0.009089413,51.53926925
1223,-0.009095267,51.53926869
1224,-0.009101132,51.53926825
1225,-0.009107005,51.53926794
1226,-0.009112882,51.53926773
1227,-0.009118762,51.53926762
1228,-0.009124644,51.53926758
1229,-0.009130525,51.53926762
1230,-0.009136405,51.53926772
1231,-0.009142285,51.53926785
1232,-0.009148164,51.53926803
1233,-0.009154041,51.53926826
1234,-0.009159915,51.53926854
1235,-0.009165786,51.5392689
1236,-0.009171651,51.53926933
1237,-0.009177509,51.53926985
1238,-0.009183359,51.53927046
1239,-0.009189196,51.53927118
1240,-0.009195018,51.53927201
1241,-0.009200821,51.53927296
1242,-0.009206602,51.53927405
1243,-0.009212356,51.53927526
1244,-0.009218083,51.5392766
1245,-0.009223782,51.53927805
1246,-0.009229453,51.53927961
1247,-0.009235094,51.53928127
1248,-0.009240706,51.53928303
1249,-0.009246289,51.53928488
1250,-0.009251845,51.53928681
1251,-0.009257373,51.53928882
1252,-0.009262873,51.5392909
1253,-0.009268337,51.53929308
1254,-0.009273758,51.53929536
1255,-0.009279128,51.53929776
1256,-0.009284437,51.53930029
1257,-0.009289675,51.53930296
1258,-0.00929483,51.53930579
1259,-0.009299888,51.53930879
1260,-0.009304837,51.53931197
1261,-0.009309666,51.53931532
1262,-0.00931437,51.53931885
1263,-0.009318945,51.53932255
1264,-0.009323385,51.53932641
1265,-0.009327687,51.53933042
1266,-0.009331846,51.53933457
1267,-0.009335858,51.53933887
1268,-0.009339714,51.53934331
1269,-0.009343391,51.5393479
1270,-0.009346861,51.53935265
1271,-0.009350092,51.53935757
1272,-0.00935305,51.53936265
1273,-0.009355697,51.5393679
1274,-0.009357998,51.53937331
1275,-0.009359954,51.53937886
1276,-0.009361579,51.53938451
1277,-0.00936289,51.53939024
1278,-0.009363906,51.53939603
1279,-0.009364643,51.53940187
1280,-0.009365115,51.53940773
1281,-0.009365341,51.53941361
1282,-0.009365344,51.53941949
1283,-0.009365149,51.53942536
1284,-0.009364779,51.53943123
1285,-0.009364261,51.53943709
1286,-0.009363618,51.53944294
1287,-0.009362875,51.53944877
1288,-0.009362048,51.53945459
1289,-0.009361152,51.53946041
1290,-0.009360201,51.53946621
1291,-0.009359207,51.53947201
1292,-0.009358184,51.5394778
1293,-0.009357147,51.53948359
1294,-0.009356108,51.53948938
1295,-0.009355081,51.53949517
1296,-0.009354077,51.53950096
1297,-0.009353101,51.53950676
1298,-0.009352151,51.53951257
1299,-0.00935123,51.53951838
1300,-0.009350338,51.53952419
1301,-0.009349476,51.53953001
1302,-0.009348646,51.53953583
1303,-0.009347848,51.53954166
1304,-0.009347083,51.53954749
1305,-0.009346352,51.53955332
1306,-0.009345655,51.53955916
1307,-0.009344987,51.53956501
1308,-0.009344343,51.53957085
1309,-0.00934372,51.5395767
1310,-0.009343111,51.53958255
1311,-0.009342513,51.5395884
1312,-0.00934192,51.53959425
1313,-0.009341328,51.5396001
1314,-0.009340733,51.53960596
1315,-0.009340129,51.53961181
1316,-0.009339511,51.53961765
1317,-0.00933888,51.5396235
1318,-0.009338244,51.53962935
1319,-0.009337618,51.5396352
1320,-0.009337015,51.53964105
1321,-0.009336447,51.5396469
1322,-0.009335927,51.53965276
1323,-0.009335469,51.53965862
1324,-0.009335085,51.53966449
1325,-0.00933479,51.53967036
1326,-0.009334595,51.53967624
1327,-0.009334509,51.53968212
1328,-0.009334533,51.539688
1329,-0.009334672,51.53969388
1330,-0.009334928,51.53969976
1331,-0.009335305,51.53970563
1332,-0.009335807,51.53971149
1333,-0.009336435,51.53971734
1334,-0.009337195,51.53972317
1335,-0.009338089,51.53972898
1336,-0.00933912,51.53973477
1337,-0.009340282,51.53974054
1338,-0.00934157,51.53974627
1339,-0.009342977,51.53975198
1340,-0.009344497,51.53975767
1341,-0.009346123,51.53976332
1342,-0.009347849,51.53976894
1343,-0.00934967,51.53977453
1344,-0.00935158,51.5397801
1345,-0.009353572,51.53978563
1346,-0.009355641,51.53979113
1347,-0.00935778,51.53979661
1348,-0.009359982,51.53980207
1349,-0.009362239,51.5398075
1350,-0.009364543,51.53981291
1351,-0.009366887,51.5398183
1352,-0.009369264,51.53982368
1353,-0.009371667,51.53982905
1354,-0.009374088,51.53983441
1355,-0.00937652,51.53983976
1356,-0.009378956,51.53984512
1357,-0.009381388,51.53985047
1358,-0.009383811,51.53985583
1359,-0.009386225,51.5398612
1360,-0.00938863,51.53986656
1361,-0.009391027,51.53987193
1362,-0.009393417,51.53987731
1363,-0.009395803,51.53988268
1364,-0.009398183,51.53988806
1365,-0.009400561,51.53989344
1366,-0.009402936,51.53989882
1367,-0.00940531,51.5399042
1368,-0.009407684,51.53990958
1369,-0.00941006,51.53991496
1370,-0.009412437,51.53992034
1371,-0.009414817,51.53992572
1372,-0.009417201,51.5399311
1373,-0.009419588,51.53993647
1374,-0.009421976,51.53994185
1375,-0.009424365,51.53994722
1376,-0.009426754,51.53995259
1377,-0.009429141,51.53995797
1378,-0.009431526,51.53996335
1379,-0.009433907,51.53996872
1380,-0.009436283,51.5399741
1381,-0.009438654,51.53997949
1382,-0.009441018,51.53998487
1383,-0.009443375,51.53999026
1384,-0.009445722,51.53999565
1385,-0.00944806,51.54000105
1386,-0.00945039,51.54000645
1387,-0.009452721,51.54001185
1388,-0.009455059,51.54001724
1389,-0.009457412,51.54002263
1390,-0.009459786,51.54002802
1391,-0.009462188,51.54003338
1392,-0.009464627,51.54003874
1393,-0.009467108,51.54004407
1394,-0.009469638,51.54004938
1395,-0.009472224,51.54005466
1396,-0.009474873,51.54005991
1397,-0.009477593,51.54006513
1398,-0.009480391,51.5400703
1399,-0.009483275,51.54007542
1400,-0.009486253,51.5400805
1401,-0.009489331,51.54008551
1402,-0.009492518,51.54009045
1403,-0.009495819,51.54009532
1404,-0.009499242,51.5401001
1405,-0.009502782,51.5401048
1406,-0.009506424,51.54010941
1407,-0.009510149,51.54011396
1408,-0.009513943,51.54011846
1409,-0.009517788,51.54012291
1410,-0.009521669,51.54012733
1411,-0.009525572,51.54013173
1412,-0.009529482,51.54013612
1413,-0.009533384,51.54014052
1414,-0.009537263,51.54014494
1415,-0.009541111,51.54014939
1416,-0.009544929,51.54015386
1417,-0.009548723,51.54015836
1418,-0.009552499,51.54016287
1419,-0.009556261,51.54016739
1420,-0.009560015,51.54017191
1421,-0.009563766,51.54017644
1422,-0.009567521,51.54018097
1423,-0.009571283,51.54018549
1424,-0.009575059,51.54019
1425,-0.009578854,51.54019449
1426,-0.009582673,51.54019897
1427,-0.009586521,51.54020341
1428,-0.009590398,51.54020784
1429,-0.009594303,51.54021224
1430,-0.009598234,51.54021661
1431,-0.009602192,51.54022096
1432,-0.009606174,51.54022529
1433,-0.00961018,51.54022959
1434,-0.009614208,51.54023388
1435,-0.009618257,51.54023814
1436,-0.009622327,51.54024239
1437,-0.009626415,51.54024662
1438,-0.009630523,51.54025083
1439,-0.009634647,51.54025502
1440,-0.009638787,51.5402592
1441,-0.009642943,51.54026336
1442,-0.009647113,51.54026751
1443,-0.009651297,51.54027164
1444,-0.009655492,51.54027576
1445,-0.009659697,51.54027987
1446,-0.009663909,51.54028398
1447,-0.009668128,51.54028808
1448,-0.009672351,51.54029217
1449,-0.009676576,51.54029626
1450,-0.009680801,51.54030035
1451,-0.009685025,51.54030444
1452,-0.009689245,51.54030854
1453,-0.00969346,51.54031264
1454,-0.009697668,51.54031675
1455,-0.009701866,51.54032087
1456,-0.009706054,51.540325
1457,-0.009710231,51.54032914
1458,-0.009714404,51.54033328
1459,-0.009718582,51.54033742
1460,-0.009722775,51.54034155
1461,-0.00972699,51.54034565
1462,-0.009731237,51.54034972
1463,-0.009735524,51.54035374
1464,-0.009739858,51.54035772
1465,-0.009744248,51.54036163
1466,-0.009748702,51.54036548
1467,-0.009753224,51.54036923
1468,-0.009757823,51.5403729
1469,-0.009762503,51.54037646
1470,-0.009767265,51.54037991
1471,-0.009772085,51.54038328
1472,-0.009776922,51.54038663
1473,-0.009781737,51.54039001
1474,-0.009786488,51.54039347
1475,-0.009791129,51.54039709
1476,-0.009795607,51.5404009
1477,-0.009799861,51.54040496
1478,-0.009803838,51.54040929
1479,-0.009807556,51.54041384
1480,-0.009811055,51.54041857
1481,-0.009814386,51.54042342
1482,-0.009817597,51.54042835
1483,-0.009820739,51.54043332
1484,-0.009823863,51.5404383
1485,-0.009826991,51.54044328
1486,-0.009830087,51.54044828
1487,-0.009833106,51.54045333
1488,-0.009836001,51.54045845
1489,-0.009838722,51.54046366
1490,-0.009841214,51.54046899
1491,-0.00984342,51.54047444
1492,-0.009845328,51.54048
1493,-0.009847002,51.54048564
1494,-0.009848514,51.54049132
1495,-0.009849939,51.54049703
1496,-0.009851348,51.54050274
1497,-0.009852813,51.54050843
1498,-0.009854406,51.5405141
1499,-0.009856189,51.5405197
1500,-0.009858185,51.54052523
1501,-0.009860399,51.54053068
1502,-0.009862837,51.54053603
1503,-0.009865505,51.54054127
1504,-0.009868409,51.54054639
1505,-0.00987155,51.54055136
1506,-0.00987492,51.54055618
1507,-0.009878503,51.54056084
1508,-0.009882287,51.54056534
1509,-0.009886256,51.54056968
1510,-0.009890399,51.54057386
1511,-0.009894704,51.54057786
1512,-0.009899159,51.5405817
1513,-0.009903752,51.54058537
1514,-0.00990847,51.54058888
1515,-0.009913301,51.54059224
1516,-0.009918235,51.54059544
1517,-0.00992326,51.5405985
1518,-0.009928367,51.54060141
1519,-0.009933549,51.54060419
1520,-0.009938797,51.54060685
1521,-0.009944104,51.54060938
1522,-0.009949463,51.54061181
1523,-0.009954867,51.54061413
1524,-0.00996031,51.54061635
1525,-0.009965787,51.5406185
1526,-0.009971292,51.54062057
1527,-0.009976821,51.54062257
1528,-0.009982369,51.54062452
1529,-0.009987932,51.54062643
1530,-0.009993506,51.54062831
1531,-0.009999088,51.54063016
1532,-0.010004677,51.54063199
1533,-0.010010272,51.5406338
1534,-0.010015872,51.5406356
1535,-0.010021476,51.54063738
1536,-0.010027083,51.54063916
1537,-0.010032692,51.54064093
1538,-0.010038303,51.54064269
1539,-0.010043914,51.54064446
1540,-0.010049524,51.54064622
1541,-0.010055133,51.54064799
1542,-0.01006074,51.54064976
1543,-0.010066344,51.54065155
1544,-0.010071944,51.54065335
1545,-0.010077539,51.54065516
1546,-0.01008313,51.54065698
1547,-0.010088717,51.54065882
1548,-0.010094299,51.54066067
1549,-0.010099876,51.54066254
1550,-0.010105449,51.54066442
1551,-0.010111018,51.54066631
1552,-0.010116582,51.54066822
1553,-0.010122141,51.54067014
1554,-0.010127696,51.54067207
1555,-0.010133246,51.54067401
1556,-0.010138792,51.54067597
1557,-0.010144333,51.54067794
1558,-0.010149869,51.54067993
1559,-0.010155401,51.54068193
1560,-0.010160927,51.54068394
1561,-0.01016645,51.54068596
1562,-0.010171967,51.540688
1563,-0.01017748,51.54069005
1564,-0.010182988,51.54069211
1565,-0.010188491,51.54069419
1566,-0.010193989,51.54069627
1567,-0.010199482,51.54069837
1568,-0.010204971,51.54070049
1569,-0.010210455,51.54070261
1570,-0.010215934,51.54070475
1571,-0.010221408,51.5407069
1572,-0.010226877,51.54070906
1573,-0.010232341,51.54071124
1574,-0.010237801,51.54071343
1575,-0.010243256,51.54071562
1576,-0.010248708,51.54071783
1577,-0.010254155,51.54072005
1578,-0.010259599,51.54072227
1579,-0.010265039,51.54072451
1580,-0.010270476,51.54072675
1581,-0.010275909,51.540729
1582,-0.010281339,51.54073126
1583,-0.010286767,51.54073353
1584,-0.010292192,51.5407358
1585,-0.010297614,51.54073808
1586,-0.010303035,51.54074036
1587,-0.010308453,51.54074265
1588,-0.010313869,51.54074494
1589,-0.010319284,51.54074723
1590,-0.010324698,51.54074953
1591,-0.01033011,51.54075183
1592,-0.010335522,51.54075414
1593,-0.010340932,51.54075644
1594,-0.010346342,51.54075875
1595,-0.010351752,51.54076106
1596,-0.010357161,51.54076336
1597,-0.010362571,51.54076567
1598,-0.010367981,51.54076798
1599,-0.010373391,51.54077028
1600,-0.010378803,51.54077259
1601,-0.010384215,51.54077489
1602,-0.010389628,51.54077719
1603,-0.010395042,51.54077949
1604,-0.010400458,51.54078178
1605,-0.010405874,51.54078407
1606,-0.010411292,51.54078636
1607,-0.01041671,51.54078865
1608,-0.010422129,51.54079093
1609,-0.010427549,51.54079322
1610,-0.010432969,51.5407955
1611,-0.01043839,51.54079778
1612,-0.010443811,51.54080006
1613,-0.010449233,51.54080234
1614,-0.010454654,51.54080462
1615,-0.010460076,51.5408069
1616,-0.010465497,51.54080918
1617,-0.010470919,51.54081146
1618,-0.01047634,51.54081374
1619,-0.010481762,51.54081602
1620,-0.010487182,51.5408183
1621,-0.010492603,51.54082059
1622,-0.010498022,51.54082287
1623,-0.010503441,51.54082515
1624,-0.01050886,51.54082744
1625,-0.010514277,51.54082973
1626,-0.010519694,51.54083202
1627,-0.010525109,51.54083432
1628,-0.010530523,51.54083661
1629,-0.010535937,51.54083891
1630,-0.010541349,51.54084122
1631,-0.01054676,51.54084352
1632,-0.010552169,51.54084583
1633,-0.010557578,51.54084814
1634,-0.010562986,51.54085045
1635,-0.010568393,51.54085276
1636,-0.010573799,51.54085508
1637,-0.010579204,51.5408574
1638,-0.010584608,51.54085972
1639,-0.010590012,51.54086204
1640,-0.010595414,51.54086436
1641,-0.010600816,51.54086669
1642,-0.010606218,51.54086902
1643,-0.010611619,51.54087134
1644,-0.010617019,51.54087367
1645,-0.010622419,51.540876
1646,-0.010627818,51.54087834
1647,-0.010633217,51.54088067
1648,-0.010638616,51.540883
1649,-0.010644014,51.54088534
1650,-0.010649412,51.54088767
1651,-0.010654809,51.54089001
1652,-0.010660207,51.54089234
1653,-0.010665604,51.54089468
1654,-0.010671002,51.54089701
1655,-0.010676401,51.54089935
1656,-0.0106818,51.54090168
1657,-0.0106872,51.54090401
1658,-0.010692602,51.54090634
1659,-0.010698005,51.54090866
1660,-0.01070341,51.54091098
1661,-0.010708817,51.54091329
1662,-0.010714226,51.5409156
1663,-0.010719637,51.5409179
1664,-0.010725052,51.5409202
1665,-0.010730469,51.54092249
1666,-0.010735889,51.54092477
1667,-0.010741313,51.54092705
1668,-0.01074674,51.54092931
1669,-0.010752172,51.54093157
1670,-0.010757607,51.54093382
1671,-0.010763046,51.54093605
1672,-0.01076849,51.54093828
1673,-0.010773939,51.54094049
1674,-0.010779392,51.5409427
1675,-0.010784851,51.54094489
1676,-0.010790314,51.54094706
1677,-0.010795782,51.54094923
1678,-0.010801253,51.54095139
1679,-0.010806728,51.54095353
1680,-0.010812206,51.54095567
1681,-0.010817688,51.54095781
1682,-0.010823171,51.54095993
1683,-0.010828656,51.54096205
1684,-0.010834144,51.54096417
1685,-0.010839632,51.54096628
1686,-0.010845122,51.5409684
1687,-0.010850612,51.5409705
1688,-0.010856102,51.54097261
1689,-0.010861593,51.54097472
1690,-0.010867083,51.54097683
1691,-0.010872572,51.54097894
1692,-0.01087806,51.54098106
1693,-0.010883545,51.54098318
1694,-0.010889027,51.54098531
1695,-0.010894504,51.54098745
1696,-0.010899976,51.54098961
1697,-0.010905441,51.54099178
1698,-0.010910898,51.54099397
1699,-0.010916346,51.54099619
1700,-0.010921785,51.54099843
1701,-0.010927212,51.54100069
1702,-0.010932627,51.54100299
1703,-0.010938028,51.54100532
1704,-0.010943414,51.54100768
1705,-0.010948783,51.54101008
1706,-0.010954136,51.54101252
1707,-0.010959471,51.54101499
1708,-0.010964792,51.5410175
1709,-0.010970098,51.54102003
1710,-0.010975393,51.5410226
1711,-0.010980676,51.54102518
1712,-0.01098595,51.54102778
1713,-0.010991216,51.5410304
1714,-0.010996477,51.54103303
1715,-0.011001733,51.54103567
1716,-0.011006985,51.54103831
1717,-0.011012237,51.54104096
1718,-0.011017489,51.54104361
1719,-0.011022744,51.54104625
1720,-0.011028002,51.54104889
1721,-0.011033263,51.54105151
1722,-0.011038529,51.54105413
1723,-0.011043798,51.54105675
1724,-0.011049072,51.54105935
1725,-0.011054349,51.54106195
1726,-0.01105963,51.54106453
1727,-0.011064915,51.54106712
1728,-0.011070204,51.54106969
1729,-0.011075497,51.54107225
1730,-0.011080794,51.54107481
1731,-0.011086094,51.54107736
1732,-0.011091399,51.54107989
1733,-0.011096708,51.54108243
1734,-0.011102021,51.54108495
1735,-0.011107338,51.54108746
1736,-0.01111266,51.54108997
1737,-0.011117985,51.54109246
1738,-0.011123314,51.54109495
1739,-0.011128648,51.54109743
1740,-0.011133986,51.5410999
1741,-0.011139327,51.54110236
1742,-0.011144672,51.54110481
1743,-0.011150019,51.54110726
1744,-0.011155368,51.54110971
1745,-0.011160716,51.54111215
1746,-0.011166065,51.5411146
1747,-0.011171411,51.54111705
1748,-0.011176756,51.54111951
1749,-0.011182097,51.54112197
1750,-0.011187434,51.54112444
1751,-0.011192766,51.54112692
1752,-0.011198091,51.54112942
1753,-0.01120341,51.54113193
1754,-0.01120872,51.54113445
1755,-0.011214022,51.541137
1756,-0.011219313,51.54113957
1757,-0.011224593,51.54114216
1758,-0.011229861,51.54114477
1759,-0.011235118,51.54114741
1760,-0.011240367,51.54115006
1761,-0.011245608,51.54115273
1762,-0.011250844,51.54115541
1763,-0.011256078,51.54115809
1764,-0.011261311,51.54116078
1765,-0.011266545,51.54116346
1766,-0.011271783,51.54116614
1767,-0.011277026,51.5411688
1768,-0.011282277,51.54117145
1769,-0.011287537,51.54117408
1770,-0.011292809,51.54117669
1771,-0.011298095,51.54117927
1772,-0.011303395,51.54118181
1773,-0.011308713,51.54118433
1774,-0.01131405,51.5411868
1775,-0.011319407,51.54118922
1776,-0.011324786,51.5411916
1777,-0.011330188,51.54119393
1778,-0.011335614,51.5411962
1779,-0.011341063,51.54119841
1780,-0.011346534,51.54120057
1781,-0.011352025,51.54120268
1782,-0.011357534,51.54120473
1783,-0.011363061,51.54120674
1784,-0.011368605,51.54120871
1785,-0.011374164,51.54121063
1786,-0.011379737,51.54121251
1787,-0.011385323,51.54121435
1788,-0.011390922,51.54121615
1789,-0.011396532,51.54121791
1790,-0.011402153,51.54121964
1791,-0.011407783,51.54122135
1792,-0.011413422,51.54122302
1793,-0.011419069,51.54122466
1794,-0.011424723,51.54122628
1795,-0.011430384,51.54122787
1796,-0.011436051,51.54122945
1797,-0.011441723,51.541231
1798,-0.011447401,51.54123254
1799,-0.011453082,51.54123406
1800,-0.011458767,51.54123556
1801,-0.011464456,51.54123705
1802,-0.011470147,51.54123854
1803,-0.011475841,51.54124001
1804,-0.011481537,51.54124148
1805,-0.011487234,51.54124294
1806,-0.011492932,51.54124439
1807,-0.01149863,51.54124585
1808,-0.011504329,51.5412473
1809,-0.011510027,51.54124876
1810,-0.011515725,51.54125022
1811,-0.011521421,51.54125168
1812,-0.011527115,51.54125315
1813,-0.011532808,51.54125463
1814,-0.011538497,51.54125612
1815,-0.011544184,51.54125762
1816,-0.011549867,51.54125914
1817,-0.011555545,51.54126067
1818,-0.011561219,51.54126222
1819,-0.011566888,51.54126378
1820,-0.011572552,51.54126537
1821,-0.01157821,51.54126697
1822,-0.011583865,51.54126859
1823,-0.011589517,51.54127021
1824,-0.011595168,51.54127185
1825,-0.011600817,51.54127348
1826,-0.011606466,51.54127512
1827,-0.011612116,51.54127675
1828,-0.011617768,51.54127838
1829,-0.011623422,51.54127999
1830,-0.011629081,51.5412816
1831,-0.011634744,51.54128319
1832,-0.011640412,51.54128475
1833,-0.011646087,51.5412863
1834,-0.011651769,51.54128782
1835,-0.011657459,51.54128931
1836,-0.011663157,51.54129076
1837,-0.011668864,51.54129218
1838,-0.011674581,51.54129356
1839,-0.011680305,51.54129492
1840,-0.01168603,51.54129626
1841,-0.011691751,51.54129763
1842,-0.011697462,51.54129903
1843,-0.011703158,51.54130049
1844,-0.011708832,51.54130204
1845,-0.011714476,51.5413037
1846,-0.011720081,51.54130548
1847,-0.011725641,51.54130739
1848,-0.011731158,51.54130943
1849,-0.011736634,51.54131158
1850,-0.01174207,51.54131382
1851,-0.01174747,51.54131615
1852,-0.011752838,51.54131855
1853,-0.011758177,51.54132102
1854,-0.011763493,51.54132354
1855,-0.011768789,51.54132609
1856,-0.011774071,51.54132868
1857,-0.011779344,51.54133129
1858,-0.011784613,51.5413339
1859,-0.011789882,51.54133651
1860,-0.011795158,51.54133911
1861,-0.011800443,51.54134169
1862,-0.011805737,51.54134425
1863,-0.01181104,51.5413468
1864,-0.01181635,51.54134932
1865,-0.011821668,51.54135184
1866,-0.011826993,51.54135433
1867,-0.011832324,51.54135682
1868,-0.01183766,51.54135929
1869,-0.011843002,51.54136175
1870,-0.011848348,51.5413642
1871,-0.011853699,51.54136664
1872,-0.011859053,51.54136908
1873,-0.01186441,51.5413715
1874,-0.01186977,51.54137393
1875,-0.011875131,51.54137634
1876,-0.011880495,51.54137876
1877,-0.011885859,51.54138117
1878,-0.011891224,51.54138358
1879,-0.011896589,51.54138599
1880,-0.011901954,51.5413884
1881,-0.011907318,51.54139081
1882,-0.01191268,51.54139322
1883,-0.011918041,51.54139564
1884,-0.0119234,51.54139807
1885,-0.011928758,51.54140049
1886,-0.011934115,51.54140292
1887,-0.011939471,51.54140535
1888,-0.011944826,51.54140778
1889,-0.01195018,51.54141021
1890,-0.011955533,51.54141265
1891,-0.011960886,51.54141509
1892,-0.011966238,51.54141753
1893,-0.011971589,51.54141997
1894,-0.011976939,51.54142241
1895,-0.01198229,51.54142485
1896,-0.01198764,51.54142729
1897,-0.011992989,51.54142974
1898,-0.011998339,51.54143218
1899,-0.012003688,51.54143462
1900,-0.012009038,51.54143707
1901,-0.012014387,51.54143951
1902,-0.012019737,51.54144196
1903,-0.012025087,51.5414444
1904,-0.012030436,51.54144684
1905,-0.012035786,51.54144929
1906,-0.012041136,51.54145173
1907,-0.012046486,51.54145417
1908,-0.012051836,51.54145661
1909,-0.012057186,51.54145906
1910,-0.012062536,51.5414615
1911,-0.012067887,51.54146394
1912,-0.012073237,51.54146638
1913,-0.012078588,51.54146882
1914,-0.012083938,51.54147127
1915,-0.012089289,51.54147371
1916,-0.01209464,51.54147615
1917,-0.012099991,51.54147859
1918,-0.012105342,51.54148103
1919,-0.012110694,51.54148347
1920,-0.012116045,51.54148591
1921,-0.012121397,51.54148835
1922,-0.012126748,51.54149079
1923,-0.0121321,51.54149323
1924,-0.012137452,51.54149566
1925,-0.012142804,51.5414981
1926,-0.012148157,51.54150054
1927,-0.012153509,51.54150298
1928,-0.012158862,51.54150541
1929,-0.012164215,51.54150785
1930,-0.012169568,51.54151029
1931,-0.012174921,51.54151272
1932,-0.012180274,51.54151516
1933,-0.012185628,51.54151759
1934,-0.012190982,51.54152003
1935,-0.012196336,51.54152246
1936,-0.01220169,51.54152489
1937,-0.012207044,51.54152733
1938,-0.012212399,51.54152976
1939,-0.012217754,51.54153219
1940,-0.012223109,51.54153462