0,-141.770,60.918,0.522
1,-142.211,61.121,0.527
2,-142.651,61.324,0.525
3,-143.092,61.525,0.521
4,-143.533,61.726,0.519
5,-143.975,61.926,0.518
6,-144.417,62.126,0.518
7,-144.859,62.324,0.519
8,-145.301,62.523,0.521
9,-145.744,62.721,0.523
10,-146.187,62.918,0.524
11,-146.630,63.115,0.523
12,-147.073,63.311,0.523
13,-147.516,63.507,0.523
14,-147.960,63.703,0.523
15,-148.403,63.899,0.523
16,-148.847,64.094,0.523
17,-149.291,64.290,0.523
18,-149.734,64.485,0.523
19,-150.178,64.680,0.523
20,-150.622,64.875,0.523
21,-151.066,65.071,0.524
22,-151.509,65.266,0.523
23,-151.953,65.462,0.521
24,-152.396,65.657,0.518
25,-152.840,65.853,0.515
26,-153.283,66.049,0.511
27,-153.726,66.246,0.509
28,-154.169,66.443,0.508
29,-154.612,66.640,0.510
30,-155.055,66.838,0.511
31,-155.497,67.036,0.513
32,-155.939,67.235,0.517
33,-156.381,67.434,0.519
34,-156.823,67.635,0.521
35,-157.264,67.835,0.521
36,-157.705,68.037,0.521
37,-158.146,68.239,0.521
38,-158.586,68.442,0.519
39,-159.025,68.647,0.518
40,-159.465,68.852,0.518
41,-159.904,69.058,0.517
42,-160.342,69.264,0.515
43,-160.780,69.473,0.516
44,-161.217,69.682,0.516
45,-161.655,69.891,0.516
46,-162.092,70.100,0.516
47,-162.529,70.309,0.516
48,-162.967,70.517,0.516
49,-163.406,70.723,0.516
50,-163.846,70.927,0.516
51,-164.287,71.128,0.516
52,-164.730,71.325,0.516
53,-165.174,71.519,0.516
54,-165.621,71.709,0.516
55,-166.069,71.893,0.515
56,-166.520,72.072,0.516
57,-166.973,72.244,0.518
58,-167.428,72.410,0.519
59,-167.886,72.570,0.521
60,-168.346,72.723,0.523
61,-168.808,72.869,0.524
62,-169.272,73.010,0.523
63,-169.738,73.144,0.523
64,-170.205,73.273,0.523
65,-170.674,73.396,0.523
66,-171.145,73.513,0.523
67,-171.617,73.623,0.523
68,-172.090,73.727,0.523
69,-172.565,73.824,0.524
70,-173.042,73.914,0.523
71,-173.519,73.996,0.521
72,-173.999,74.071,0.519
73,-174.479,74.137,0.518
74,-174.960,74.194,0.518
75,-175.442,74.244,0.518
76,-175.925,74.285,0.518
77,-176.409,74.318,0.520
78,-176.893,74.344,0.521
79,-177.378,74.361,0.521
80,-177.862,74.371,0.523
81,-178.347,74.374,0.524
82,-178.832,74.369,0.523
83,-179.317,74.357,0.522
84,-179.801,74.337,0.520
85,-180.285,74.311,0.518
86,-180.769,74.279,0.517
87,-181.252,74.240,0.515
88,-181.735,74.195,0.516
89,-182.217,74.147,0.515
90,-182.699,74.097,0.516
91,-183.182,74.050,0.518
92,-183.665,74.006,0.518
93,-184.148,73.969,0.518
94,-184.632,73.941,0.519
95,-185.116,73.924,0.517
96,-185.601,73.918,0.516
97,-186.086,73.924,0.517
98,-186.570,73.940,0.519
99,-187.055,73.968,0.521
100,-187.538,74.006,0.523
101,-188.020,74.055,0.523
102,-188.501,74.115,0.521
103,-188.981,74.186,0.519
104,-189.459,74.267,0.518
105,-189.935,74.358,0.516
106,-190.409,74.459,0.515
107,-190.881,74.568,0.516
108,-191.352,74.686,0.516
109,-191.820,74.811,0.516
110,-192.286,74.944,0.516
111,-192.751,75.083,0.516
112,-193.213,75.229,0.516
113,-193.673,75.381,0.516
114,-194.131,75.542,0.516
115,-194.585,75.712,0.516
116,-195.035,75.891,0.516
117,-195.481,76.080,0.516
118,-195.923,76.281,0.516
119,-196.359,76.493,0.516
120,-196.788,76.717,0.516
121,-197.212,76.953,0.515
122,-197.629,77.201,0.514
123,-198.039,77.458,0.512
124,-198.443,77.727,0.510
125,-198.840,78.005,0.509
126,-199.230,78.294,0.507
127,-199.609,78.595,0.505
128,-199.977,78.911,0.504
129,-200.328,79.245,0.504
130,-200.660,79.598,0.505
131,-200.969,79.972,0.507
132,-201.251,80.366,0.508
133,-201.509,80.776,0.508
134,-201.746,81.199,0.507
135,-201.965,81.632,0.505
136,-202.170,82.071,0.503
137,-202.362,82.516,0.501
138,-202.542,82.966,0.500
139,-202.705,83.423,0.500
140,-202.845,83.887,0.500
141,-202.955,84.359,0.500
142,-203.030,84.838,0.500
143,-203.066,85.321,0.500
144,-203.062,85.806,0.500
145,-203.013,86.288,0.500
146,-202.917,86.763,0.500
147,-202.774,87.226,0.500
148,-202.591,87.675,0.500
149,-202.381,88.111,0.500
150,-202.153,88.539,0.500
151,-201.917,88.963,0.500
152,-201.678,89.385,0.500
153,-201.433,89.803,0.500
154,-201.179,90.216,0.500
155,-200.915,90.622,0.500
156,-200.636,91.019,0.500
157,-200.343,91.405,0.500
158,-200.033,91.778,0.500
159,-199.706,92.136,0.498
160,-199.361,92.476,0.497
161,-198.998,92.797,0.495
162,-198.618,93.098,0.493
163,-198.223,93.379,0.492
164,-197.814,93.640,0.492
165,-197.394,93.882,0.491
166,-196.964,94.106,0.489
167,-196.526,94.312,0.488
168,-196.079,94.501,0.486
169,-195.627,94.676,0.484
170,-195.170,94.838,0.485
171,-194.709,94.989,0.485
172,-194.247,95.133,0.485
173,-193.782,95.272,0.484
174,-193.317,95.409,0.485
175,-192.852,95.545,0.487
176,-192.387,95.681,0.489
177,-191.921,95.816,0.490
178,-191.454,95.946,0.490
179,-190.985,96.070,0.488
180,-190.514,96.186,0.487
181,-190.041,96.291,0.487
182,-189.565,96.383,0.489
183,-189.087,96.460,0.490
184,-188.606,96.521,0.490
185,-188.123,96.566,0.489
186,-187.639,96.598,0.487
187,-187.155,96.619,0.485
188,-186.670,96.631,0.484
189,-186.185,96.637,0.485
190,-185.701,96.640,0.485
191,-185.216,96.641,0.485
192,-184.731,96.642,0.485
193,-184.246,96.645,0.485
194,-183.761,96.650,0.485
195,-183.277,96.653,0.485
196,-182.792,96.652,0.483
197,-182.307,96.645,0.482
198,-181.823,96.628,0.482
199,-181.339,96.599,0.482
200,-180.856,96.554,0.482
201,-180.375,96.493,0.484
202,-179.898,96.410,0.485
203,-179.424,96.306,0.485
204,-178.956,96.181,0.485
205,-178.492,96.040,0.483
206,-178.033,95.885,0.479
207,-177.578,95.718,0.476
208,-177.126,95.541,0.472
209,-176.677,95.358,0.469
210,-176.230,95.170,0.469
211,-175.784,94.980,0.470
212,-175.338,94.790,0.472
213,-174.892,94.601,0.472
214,-174.445,94.413,0.472
215,-173.998,94.225,0.472
216,-173.551,94.039,0.470
217,-173.103,93.852,0.469
218,-172.655,93.666,0.469
219,-172.208,93.480,0.469
220,-171.760,93.293,0.469
221,-171.313,93.106,0.469
222,-170.866,92.919,0.469
223,-170.419,92.730,0.469
224,-169.973,92.541,0.467
225,-169.527,92.350,0.466
226,-169.082,92.158,0.464
227,-168.638,91.965,0.462
228,-168.194,91.770,0.461
229,-167.751,91.573,0.461
230,-167.308,91.376,0.462
231,-166.866,91.177,0.461
232,-166.424,90.977,0.459
233,-165.983,90.776,0.457
234,-165.542,90.573,0.456
235,-165.102,90.370,0.454
236,-164.663,90.166,0.453
237,-164.223,89.961,0.454
238,-163.785,89.755,0.454
239,-163.346,89.548,0.454
240,-162.908,89.340,0.454
241,-162.470,89.132,0.452
242,-162.033,88.923,0.450
243,-161.595,88.714,0.448
244,-161.158,88.504,0.445
245,-160.722,88.293,0.443
246,-160.285,88.083,0.443
247,-159.849,87.871,0.443
248,-159.413,87.660,0.443
249,-158.977,87.448,0.443
250,-158.541,87.236,0.442
251,-158.105,87.024,0.440
252,-157.669,86.812,0.438
253,-157.233,86.599,0.438
254,-156.797,86.387,0.438
255,-156.361,86.174,0.438
256,-155.926,85.962,0.438
257,-155.490,85.749,0.438
258,-155.054,85.537,0.438
259,-154.618,85.324,0.437
260,-154.183,85.112,0.433
261,-153.747,84.900,0.430
262,-153.311,84.687,0.426
263,-152.875,84.475,0.421
264,-152.439,84.263,0.418
265,-152.003,84.051,0.417
266,-151.567,83.839,0.415
267,-151.131,83.627,0.413
268,-150.695,83.415,0.412
269,-150.259,83.204,0.412
270,-149.822,82.993,0.412
271,-149.386,82.782,0.412
272,-148.949,82.571,0.412
273,-148.513,82.360,0.412
274,-148.076,82.150,0.410
275,-147.639,81.940,0.408
276,-147.202,81.730,0.406
277,-146.765,81.521,0.405
278,-146.327,81.312,0.403
279,-145.890,81.103,0.401
280,-145.452,80.895,0.397
281,-145.014,80.687,0.395
282,-144.576,80.479,0.394
283,-144.138,80.272,0.392
284,-143.699,80.065,0.390
285,-143.261,79.858,0.388
286,-142.822,79.652,0.385
287,-142.383,79.447,0.381
288,-141.943,79.242,0.378
289,-141.504,79.037,0.377
290,-141.064,78.833,0.375
291,-140.624,78.629,0.373
292,-140.184,78.426,0.371
293,-139.744,78.222,0.366
294,-139.304,78.019,0.361
295,-138.863,77.817,0.357
296,-138.423,77.615,0.354
297,-137.982,77.412,0.351
298,-137.541,77.211,0.350
299,-137.101,77.009,0.350
300,-136.660,76.808,0.350
301,-136.218,76.607,0.351
302,-135.777,76.406,0.350
303,-135.336,76.205,0.347
304,-134.895,76.004,0.342
305,-134.453,75.803,0.337
306,-134.012,75.603,0.332
307,-133.571,75.402,0.327
308,-133.129,75.202,0.322
309,-132.688,75.002,0.317
310,-132.246,74.801,0.312
311,-131.805,74.601,0.307
312,-131.363,74.401,0.301
313,-130.922,74.200,0.294
314,-130.480,74.000,0.287
315,-130.039,73.799,0.281
316,-129.598,73.599,0.277
317,-129.156,73.398,0.276
318,-128.715,73.197,0.273
319,-128.274,72.997,0.270
320,-127.833,72.795,0.267
321,-127.392,72.594,0.261
322,-126.951,72.393,0.254
323,-126.510,72.191,0.248
324,-126.069,71.989,0.239
325,-125.628,71.787,0.227
326,-125.188,71.585,0.214
327,-124.747,71.383,0.200
328,-124.307,71.180,0.187
329,-123.867,70.977,0.173
330,-123.426,70.774,0.160
331,-122.986,70.570,0.147
332,-122.547,70.366,0.132
333,-122.107,70.162,0.117
334,-121.667,69.957,0.102
335,-121.228,69.753,0.087
336,-120.789,69.547,0.072
337,-120.350,69.342,0.060
338,-119.911,69.136,0.050
339,-119.472,68.929,0.043
340,-119.034,68.723,0.042
341,-118.595,68.515,0.044
342,-118.157,68.308,0.047
343,-117.719,68.100,0.054
344,-117.282,67.891,0.060
345,-116.844,67.682,0.065
346,-116.407,67.473,0.070
347,-115.970,67.263,0.075
348,-115.533,67.052,0.078
349,-115.097,66.841,0.080
350,-114.661,66.630,0.081
351,-114.225,66.418,0.081
352,-113.789,66.206,0.082
353,-113.353,65.993,0.084
354,-112.918,65.780,0.086
355,-112.482,65.567,0.087
356,-112.047,65.353,0.089
357,-111.612,65.139,0.091
358,-111.177,64.925,0.092
359,-110.742,64.711,0.094
360,-110.308,64.496,0.096
361,-109.873,64.281,0.097
362,-109.439,64.066,0.095
363,-109.004,63.851,0.093
364,-108.570,63.635,0.091
365,-108.136,63.419,0.087
366,-107.702,63.204,0.085
367,-107.268,62.988,0.084
368,-106.833,62.772,0.080
369,-106.399,62.556,0.077
370,-105.965,62.340,0.073
371,-105.531,62.124,0.070
372,-105.097,61.908,0.067
373,-104.663,61.692,0.063
374,-104.229,61.477,0.061
375,-103.795,61.261,0.060
376,-103.361,61.045,0.058
377,-102.926,60.830,0.057
378,-102.492,60.614,0.055
379,-102.058,60.399,0.054
380,-101.623,60.184,0.049
381,-101.189,59.969,0.044
382,-100.754,59.755,0.041
383,-100.319,59.540,0.038
384,-99.884,59.326,0.034
385,-99.450,59.111,0.031
386,-99.015,58.897,0.028
387,-98.579,58.683,0.024
388,-98.144,58.470,0.021
389,-97.709,58.256,0.018
390,-97.274,58.042,0.017
391,-96.839,57.829,0.014
392,-96.403,57.616,0.010
393,-95.968,57.402,0.007
394,-95.532,57.189,0.005
395,-95.097,56.976,0.004
396,-94.661,56.763,0.004
397,-94.226,56.551,0.004
398,-93.790,56.338,0.003
399,-93.355,56.125,0.000
400,-92.919,55.913,-0.004
401,-92.483,55.700,-0.007
402,-92.047,55.488,-0.010
403,-91.611,55.276,-0.014
404,-91.176,55.063,-0.017
405,-90.740,54.851,-0.020
406,-90.304,54.639,-0.024
407,-89.868,54.427,-0.029
408,-89.432,54.215,-0.031
409,-88.996,54.002,-0.033
410,-88.560,53.790,-0.037
411,-88.124,53.578,-0.039
412,-87.688,53.366,-0.041
413,-87.252,53.154,-0.044
414,-86.816,52.942,-0.048
415,-86.380,52.730,-0.051
416,-85.944,52.518,-0.055
417,-85.508,52.306,-0.057
418,-85.072,52.094,-0.058
419,-84.636,51.882,-0.058
420,-84.200,51.670,-0.058
421,-83.764,51.458,-0.058
422,-83.328,51.246,-0.058
423,-82.892,51.034,-0.058
424,-82.457,50.822,-0.058
425,-82.021,50.609,-0.059
426,-81.585,50.396,-0.058
427,-81.150,50.184,-0.054
428,-80.714,49.971,-0.049
429,-80.279,49.758,-0.040
430,-79.843,49.544,-0.028
431,-79.408,49.331,-0.017
432,-78.973,49.117,-0.008
433,-78.538,48.903,-0.001
434,-78.103,48.688,0.002
435,-77.669,48.474,0.001
436,-77.234,48.259,-0.002
437,-76.800,48.043,-0.006
438,-76.366,47.827,-0.009
439,-75.932,47.611,-0.012
440,-75.498,47.395,-0.016
441,-75.064,47.178,-0.019
442,-74.631,46.960,-0.023
443,-74.198,46.743,-0.029
444,-73.765,46.524,-0.038
445,-73.332,46.305,-0.048
446,-72.900,46.086,-0.061
447,-72.468,45.866,-0.076
448,-72.036,45.646,-0.091
449,-71.605,45.425,-0.103
450,-71.173,45.204,-0.112
451,-70.743,44.981,-0.118
452,-70.312,44.759,-0.120
453,-69.882,44.535,-0.122
454,-69.452,44.311,-0.123
455,-69.022,44.087,-0.125
456,-68.593,43.861,-0.129
457,-68.164,43.635,-0.131
458,-67.735,43.409,-0.133
459,-67.307,43.182,-0.135
460,-66.879,42.955,-0.136
461,-66.451,42.727,-0.138
462,-66.023,42.500,-0.140
463,-65.595,42.272,-0.141
464,-65.167,42.044,-0.143
465,-64.738,41.817,-0.145
466,-64.310,41.589,-0.146
467,-63.882,41.362,-0.148
468,-63.453,41.135,-0.149
469,-63.025,40.909,-0.151
470,-62.596,40.683,-0.154
471,-62.166,40.458,-0.158
472,-61.737,40.234,-0.161
473,-61.307,40.010,-0.165
474,-60.876,39.787,-0.167
475,-60.445,39.565,-0.169
476,-60.013,39.345,-0.172
477,-59.581,39.125,-0.176
478,-59.148,38.907,-0.179
479,-58.715,38.689,-0.181
480,-58.281,38.473,-0.183
481,-57.847,38.258,-0.184
482,-57.412,38.044,-0.187
483,-56.976,37.831,-0.190
484,-56.540,37.619,-0.194
485,-56.104,37.407,-0.197
486,-55.667,37.197,-0.200
487,-55.230,36.988,-0.202
488,-54.792,36.779,-0.204
489,-54.354,36.572,-0.205
490,-53.916,36.365,-0.206
491,-53.477,36.159,-0.205
492,-53.038,35.953,-0.205
493,-52.598,35.749,-0.207
494,-52.158,35.545,-0.208
495,-51.718,35.342,-0.210
496,-51.278,35.139,-0.214
497,-50.837,34.937,-0.219
498,-50.396,34.736,-0.222
499,-49.955,34.535,-0.227
500,-49.513,34.335,-0.234
501,-49.071,34.135,-0.237
502,-48.630,33.936,-0.242
503,-48.187,33.737,-0.249
504,-47.745,33.538,-0.253
505,-47.303,33.340,-0.256
506,-46.860,33.142,-0.259
507,-46.417,32.945,-0.262
508,-45.974,32.748,-0.263
509,-45.531,32.551,-0.264
510,-45.088,32.354,-0.267
511,-44.645,32.157,-0.271
512,-44.202,31.961,-0.273
513,-43.759,31.765,-0.275
514,-43.315,31.569,-0.275
515,-42.872,31.373,-0.275
516,-42.428,31.177,-0.276
517,-41.985,30.981,-0.278
518,-41.541,30.785,-0.281
519,-41.098,30.589,-0.285
520,-40.655,30.393,-0.288
521,-40.211,30.197,-0.290
522,-39.768,30.001,-0.291
523,-39.324,29.805,-0.293
524,-38.881,29.609,-0.296
525,-38.437,29.413,-0.300
526,-37.994,29.217,-0.303
527,-37.551,29.022,-0.306
528,-37.107,28.826,-0.310
529,-36.664,28.630,-0.313
530,-36.220,28.434,-0.316
531,-35.777,28.238,-0.319
532,-35.333,28.042,-0.321
533,-34.890,27.846,-0.323
534,-34.447,27.649,-0.324
535,-34.003,27.453,-0.326
536,-33.560,27.257,-0.328
537,-33.117,27.061,-0.332
538,-32.673,26.865,-0.334
539,-32.230,26.669,-0.335
540,-31.786,26.473,-0.337
541,-31.343,26.277,-0.337
542,-30.900,26.081,-0.338
543,-30.456,25.885,-0.341
544,-30.013,25.688,-0.345
545,-29.570,25.492,-0.348
546,-29.126,25.296,-0.354
547,-28.683,25.100,-0.358
548,-28.240,24.903,-0.361
549,-27.797,24.707,-0.364
550,-27.353,24.511,-0.367
551,-26.910,24.315,-0.368
552,-26.467,24.118,-0.370
553,-26.023,23.922,-0.372
554,-25.580,23.725,-0.376
555,-25.137,23.529,-0.379
556,-24.694,23.333,-0.382
557,-24.251,23.136,-0.384
558,-23.807,22.940,-0.384
559,-23.364,22.743,-0.384
560,-22.921,22.547,-0.386
561,-22.478,22.350,-0.389
562,-22.035,22.154,-0.392
563,-21.592,21.957,-0.395
564,-21.148,21.760,-0.399
565,-20.705,21.564,-0.402
566,-20.262,21.367,-0.405
567,-19.819,21.170,-0.409
568,-19.376,20.974,-0.412
569,-18.933,20.777,-0.416
570,-18.490,20.580,-0.418
571,-18.047,20.383,-0.420
572,-17.604,20.186,-0.423
573,-17.161,19.990,-0.426
574,-16.718,19.793,-0.428
575,-16.274,19.596,-0.429
576,-15.831,19.400,-0.431
577,-15.388,19.203,-0.431
578,-14.945,19.006,-0.430
579,-14.502,18.810,-0.431
580,-14.059,18.613,-0.432
581,-13.615,18.417,-0.434
582,-13.172,18.221,-0.436
583,-12.729,18.025,-0.439
584,-12.285,17.829,-0.442
585,-11.842,17.633,-0.443
586,-11.398,17.437,-0.446
587,-10.955,17.241,-0.450
588,-10.511,17.046,-0.453
589,-10.068,16.850,-0.456
590,-9.624,16.655,-0.460
591,-9.180,16.460,-0.463
592,-8.736,16.265,-0.465
593,-8.292,16.071,-0.467
594,-7.848,15.876,-0.471
595,-7.404,15.682,-0.473
596,-6.959,15.488,-0.475
597,-6.515,15.294,-0.476
598,-6.070,15.101,-0.477
599,-5.626,14.908,-0.477
600,-5.181,14.715,-0.478
601,-4.736,14.522,-0.481
602,-4.291,14.330,-0.484
603,-3.846,14.137,-0.487
604,-3.401,13.946,-0.491
605,-2.956,13.754,-0.497
606,-2.510,13.563,-0.500
607,-2.064,13.372,-0.504
608,-1.619,13.181,-0.509
609,-1.173,12.991,-0.513
610,-0.727,12.801,-0.516
611,-0.280,12.612,-0.520
612,0.166,12.423,-0.522
613,0.612,12.234,-0.524
614,1.059,12.046,-0.525
615,1.506,11.858,-0.528
616,1.953,11.670,-0.531
617,2.400,11.483,-0.534
618,2.848,11.296,-0.538
619,3.295,11.110,-0.541
620,3.743,10.924,-0.544
621,4.191,10.739,-0.548
622,4.639,10.554,-0.551
623,5.087,10.369,-0.555
624,5.536,10.185,-0.558
625,5.984,10.001,-0.559
626,6.433,9.817,-0.562
627,6.882,9.634,-0.565
628,7.331,9.451,-0.566
629,7.780,9.268,-0.570
630,8.229,9.086,-0.575
631,8.678,8.903,-0.579
632,9.127,8.721,-0.582
633,9.577,8.539,-0.585
634,10.026,8.358,-0.587
635,10.476,8.176,-0.589
636,10.926,7.995,-0.590
637,11.375,7.814,-0.594
638,11.825,7.633,-0.596
639,12.275,7.452,-0.598
640,12.724,7.271,-0.601
641,13.174,7.090,-0.604
642,13.624,6.909,-0.608
643,14.074,6.729,-0.611
644,14.524,6.548,-0.614
645,14.974,6.368,-0.616
646,15.424,6.187,-0.617
647,15.874,6.006,-0.619
648,16.323,5.826,-0.622
649,16.773,5.645,-0.626
650,17.223,5.464,-0.629
651,17.673,5.283,-0.631
652,18.123,5.102,-0.632
653,18.572,4.921,-0.632
654,19.022,4.740,-0.632
655,19.472,4.559,-0.632
656,19.921,4.377,-0.632
657,20.371,4.196,-0.633
658,20.821,4.015,-0.635
659,21.270,3.834,-0.638
660,21.720,3.653,-0.642
661,22.170,3.472,-0.645
662,22.620,3.291,-0.647
663,23.070,3.111,-0.648
664,23.520,2.931,-0.650
665,23.970,2.751,-0.653
666,24.420,2.571,-0.657
667,24.870,2.391,-0.660
668,25.321,2.212,-0.664
669,25.772,2.034,-0.666
670,26.222,1.855,-0.668
671,26.673,1.677,-0.671
672,27.125,1.500,-0.674
673,27.576,1.323,-0.678
674,28.028,1.147,-0.681
675,28.479,0.971,-0.684
676,28.931,0.796,-0.690
677,29.384,0.621,-0.694
678,29.836,0.447,-0.697
679,30.289,0.273,-0.702
680,30.742,0.101,-0.706
681,31.195,-0.071,-0.709
682,31.649,-0.242,-0.713
683,32.102,-0.413,-0.716
684,32.557,-0.582,-0.717
685,33.011,-0.751,-0.718
686,33.466,-0.919,-0.717
687,33.921,-1.086,-0.717
688,34.376,-1.252,-0.717
689,34.832,-1.418,-0.717
690,35.288,-1.582,-0.717
691,35.745,-1.746,-0.717
692,36.201,-1.908,-0.717
693,36.658,-2.070,-0.717
694,37.116,-2.230,-0.717
695,37.574,-2.390,-0.717
696,38.032,-2.549,-0.717
697,38.490,-2.706,-0.717
698,38.949,-2.863,-0.717
699,39.408,-3.019,-0.717
700,39.868,-3.173,-0.718
701,40.327,-3.327,-0.720
702,40.788,-3.479,-0.722
703,41.248,-3.630,-0.726
704,41.709,-3.780,-0.732
705,42.171,-3.929,-0.736
706,42.632,-4.077,-0.739
707,43.094,-4.224,-0.742
708,43.557,-4.369,-0.745
709,44.020,-4.514,-0.749
710,44.483,-4.657,-0.752
711,44.946,-4.799,-0.756
712,45.410,-4.939,-0.761
713,45.875,-5.079,-0.764
714,46.339,-5.217,-0.769
715,46.804,-5.354,-0.776
716,47.270,-5.489,-0.780
717,47.736,-5.624,-0.783
718,48.202,-5.757,-0.787
719,48.668,-5.889,-0.787
720,49.135,-6.020,-0.787
721,49.602,-6.151,-0.789
722,50.069,-6.280,-0.791
723,50.537,-6.409,-0.793
724,51.004,-6.536,-0.794
725,51.472,-6.664,-0.796
726,51.940,-6.790,-0.798
727,52.408,-6.916,-0.799
728,52.877,-7.041,-0.801
729,53.345,-7.166,-0.803
730,53.813,-7.291,-0.804
731,54.282,-7.415,-0.806
732,54.751,-7.539,-0.807
733,55.219,-7.663,-0.811
734,55.688,-7.786,-0.814
735,56.157,-7.910,-0.815
736,56.626,-8.033,-0.818
737,57.095,-8.157,-0.822
738,57.563,-8.280,-0.825
739,58.032,-8.404,-0.828
740,58.501,-8.528,-0.831
741,58.970,-8.652,-0.833
742,59.438,-8.776,-0.834
743,59.907,-8.901,-0.836
744,60.375,-9.025,-0.840
745,60.844,-9.150,-0.843
746,61.312,-9.274,-0.846
747,61.781,-9.398,-0.850
748,62.250,-9.523,-0.853
749,62.718,-9.647,-0.856
750,63.187,-9.772,-0.860
751,63.655,-9.896,-0.863
752,64.124,-10.020,-0.866
753,64.592,-10.144,-0.870
754,65.061,-10.268,-0.873
755,65.530,-10.392,-0.876
756,65.999,-10.516,-0.880
757,66.468,-10.639,-0.883
758,66.936,-10.762,-0.887
759,67.405,-10.885,-0.890
760,67.874,-11.008,-0.893
761,68.344,-11.130,-0.898
762,68.813,-11.252,-0.903
763,69.282,-11.374,-0.906
764,69.751,-11.495,-0.911
765,70.221,-11.616,-0.915
766,70.690,-11.737,-0.918
767,71.160,-11.857,-0.921
768,71.630,-11.977,-0.925
769,72.100,-12.096,-0.931
770,72.570,-12.215,-0.935
771,73.040,-12.334,-0.938
772,73.510,-12.452,-0.941
773,73.980,-12.570,-0.943
774,74.450,-12.688,-0.945
775,74.921,-12.805,-0.948
776,75.391,-12.922,-0.952
777,75.862,-13.039,-0.955
778,76.332,-13.155,-0.958
779,76.803,-13.271,-0.962
780,77.274,-13.387,-0.965
781,77.745,-13.502,-0.968
782,78.216,-13.618,-0.972
783,78.687,-13.733,-0.975
784,79.158,-13.847,-0.977
785,79.629,-13.962,-0.979
786,80.100,-14.076,-0.983
787,80.571,-14.190,-0.985
788,81.042,-14.304,-0.987
789,81.513,-14.418,-0.990
790,81.985,-14.531,-0.993
791,82.456,-14.644,-0.997
792,82.928,-14.757,-1.000
793,83.399,-14.870,-1.003
794,83.871,-14.983,-1.007
795,84.342,-15.095,-1.010
796,84.814,-15.208,-1.013
797,85.285,-15.320,-1.017
798,85.757,-15.432,-1.020
799,86.229,-15.544,-1.023
800,86.700,-15.656,-1.027
801,87.172,-15.768,-1.030
802,87.644,-15.879,-1.033
803,88.116,-15.991,-1.037
804,88.588,-16.102,-1.039
805,89.060,-16.213,-1.041
806,89.531,-16.325,-1.043
807,90.003,-16.435,-1.043
808,90.475,-16.546,-1.043
809,90.947,-16.657,-1.043
810,91.419,-16.767,-1.043
811,91.892,-16.877,-1.043
812,92.364,-16.987,-1.044
813,92.836,-17.097,-1.046
814,93.308,-17.206,-1.048
815,93.781,-17.315,-1.050
816,94.253,-17.425,-1.051
817,94.725,-17.533,-1.053
818,95.198,-17.642,-1.055
819,95.670,-17.750,-1.056
820,96.143,-17.858,-1.058
821,96.616,-17.966,-1.060
822,97.088,-18.073,-1.061
823,97.561,-18.180,-1.063
824,98.034,-18.287,-1.065
825,98.507,-18.394,-1.066
826,98.980,-18.500,-1.066
827,99.453,-18.606,-1.067
828,99.926,-18.712,-1.069
829,100.400,-18.817,-1.070
830,100.873,-18.922,-1.073
831,101.346,-19.026,-1.076
832,101.820,-19.131,-1.078
833,102.293,-19.234,-1.080
834,102.767,-19.338,-1.082
835,103.241,-19.441,-1.082
836,103.714,-19.544,-1.082
837,104.188,-19.646,-1.084
838,104.662,-19.748,-1.085
839,105.136,-19.850,-1.087
840,105.610,-19.951,-1.091
841,106.084,-20.053,-1.093
842,106.558,-20.154,-1.095
843,107.033,-20.255,-1.096
844,107.507,-20.356,-1.098
845,107.981,-20.457,-1.100
846,108.455,-20.559,-1.103
847,108.929,-20.660,-1.106
848,109.403,-20.761,-1.110
849,109.877,-20.863,-1.112
850,110.351,-20.965,-1.113
851,110.825,-21.067,-1.113
852,111.299,-21.169,-1.114
853,111.773,-21.272,-1.116
854,112.246,-21.376,-1.117
855,112.720,-21.479,-1.120
856,113.193,-21.584,-1.123
857,113.667,-21.688,-1.125
858,114.140,-21.794,-1.127
859,114.613,-21.900,-1.128
860,115.086,-22.007,-1.130
861,115.559,-22.114,-1.132
862,116.031,-22.223,-1.133
863,116.503,-22.332,-1.135
864,116.976,-22.442,-1.137
865,117.447,-22.553,-1.138
866,117.919,-22.665,-1.140
867,118.391,-22.777,-1.142
868,118.862,-22.891,-1.144
869,119.333,-23.006,-1.144
870,119.804,-23.121,-1.144
871,120.275,-23.237,-1.146
872,120.745,-23.355,-1.147
873,121.215,-23.473,-1.149
874,121.685,-23.591,-1.152
875,122.155,-23.711,-1.155
876,122.625,-23.832,-1.157
877,123.094,-23.953,-1.158
878,123.563,-24.075,-1.160
879,124.032,-24.198,-1.164
880,124.501,-24.321,-1.167
881,124.970,-24.445,-1.171
882,125.438,-24.570,-1.174
883,125.906,-24.696,-1.176
884,126.374,-24.823,-1.178
885,126.842,-24.950,-1.181
886,127.310,-25.078,-1.185
887,127.777,-25.206,-1.188
888,128.244,-25.336,-1.191
889,128.711,-25.465,-1.195
890,129.178,-25.596,-1.198
891,129.645,-25.727,-1.201
892,130.111,-25.859,-1.205
893,130.578,-25.992,-1.208
894,131.044,-26.125,-1.210
895,131.510,-26.259,-1.212
896,131.976,-26.394,-1.214
897,132.441,-26.529,-1.214
898,132.906,-26.665,-1.214
899,133.371,-26.802,-1.214
900,133.836,-26.940,-1.213
901,134.301,-27.079,-1.211
902,134.765,-27.218,-1.208
903,135.229,-27.358,-1.204
904,135.693,-27.499,-1.201
905,136.156,-27.641,-1.197
906,136.620,-27.784,-1.194
907,137.083,-27.928,-1.191
908,137.545,-28.073,-1.185
909,138.008,-28.218,-1.178
910,138.470,-28.365,-1.171
911,138.932,-28.513,-1.163
912,139.393,-28.662,-1.155
913,139.854,-28.812,-1.149
914,140.315,-28.963,-1.139
915,140.775,-29.115,-1.130
916,141.235,-29.268,-1.123
917,141.694,-29.423,-1.115
918,142.153,-29.578,-1.107
919,142.612,-29.735,-1.102
920,143.071,-29.893,-1.097
921,143.529,-30.051,-1.090
922,143.987,-30.209,-1.083
923,144.446,-30.367,-1.077
924,144.904,-30.525,-1.070
925,145.363,-30.682,-1.061
926,145.821,-30.839,-1.054
927,146.281,-30.994,-1.047
928,146.740,-31.149,-1.039
929,147.200,-31.301,-1.031
930,147.661,-31.452,-1.025
931,148.122,-31.601,-1.015
932,148.584,-31.748,-1.006
933,149.047,-31.893,-0.999
934,149.510,-32.037,-0.992
935,149.973,-32.182,-0.986
936,150.435,-32.326,-0.981
937,150.898,-32.472,-0.975
938,151.359,-32.620,-0.966
939,151.820,-32.771,-0.957
940,152.279,-32.926,-0.949
941,152.737,-33.085,-0.941
942,153.194,-33.249,-0.932
943,153.648,-33.419,-0.924
944,154.099,-33.595,-0.918
945,154.548,-33.779,-0.911
946,154.993,-33.970,-0.905
947,155.436,-34.167,-0.898
948,155.877,-34.369,-0.890
949,156.316,-34.575,-0.882
950,156.753,-34.784,-0.875
951,157.190,-34.995,-0.869
952,157.626,-35.206,-0.862
953,158.063,-35.417,-0.856
954,158.500,-35.626,-0.848
955,158.939,-35.833,-0.839
956,159.379,-36.035,-0.833
957,159.822,-36.233,-0.825
958,160.267,-36.425,-0.817
959,160.714,-36.613,-0.810
960,161.163,-36.796,-0.803
961,161.612,-36.977,-0.797
962,162.063,-37.157,-0.790
963,162.513,-37.335,-0.783
964,162.964,-37.514,-0.777
965,163.414,-37.695,-0.769
966,163.863,-37.878,-0.760
967,164.310,-38.064,-0.752
968,164.756,-38.255,-0.743
969,165.199,-38.452,-0.733
970,165.639,-38.655,-0.724
971,166.076,-38.865,-0.717
972,166.509,-39.083,-0.710
973,166.940,-39.306,-0.704
974,167.367,-39.535,-0.697
975,167.792,-39.769,-0.690
976,168.215,-40.005,-0.682
977,168.636,-40.245,-0.674
978,169.056,-40.487,-0.665
979,169.476,-40.730,-0.657
980,169.896,-40.973,-0.649
981,170.315,-41.215,-0.640
982,170.736,-41.456,-0.633
983,171.158,-41.695,-0.626
984,171.581,-41.932,-0.618
985,172.006,-42.164,-0.609
986,172.433,-42.394,-0.601
987,172.861,-42.623,-0.594
988,173.288,-42.851,-0.588
989,173.716,-43.080,-0.581
990,174.142,-43.312,-0.576
991,174.565,-43.547,-0.570
992,174.987,-43.787,-0.561
993,175.404,-44.033,-0.554
994,175.818,-44.286,-0.548
995,176.226,-44.548,-0.539
996,176.628,-44.819,-0.531
997,177.023,-45.100,-0.522
998,177.410,-45.392,-0.514
999,177.787,-45.696,-0.506
1000,178.154,-46.013,-0.500
1001,178.507,-46.346,-0.493
1002,178.845,-46.693,-0.487
1003,179.165,-47.057,-0.480
1004,179.465,-47.438,-0.473
1005,179.742,-47.836,-0.467
1006,179.992,-48.251,-0.460
1007,180.213,-48.682,-0.452
1008,180.409,-49.126,-0.443
1009,180.579,-49.580,-0.435
1010,180.725,-50.042,-0.428
1011,180.851,-50.510,-0.421
1012,180.958,-50.983,-0.415
1013,181.048,-51.459,-0.407
1014,181.121,-51.938,-0.399
1015,181.176,-52.420,-0.392
1016,181.210,-52.903,-0.385
1017,181.219,-53.388,-0.379
1018,181.199,-53.872,-0.372
1019,181.147,-54.354,-0.365
1020,181.058,-54.831,-0.356
1021,180.930,-55.298,-0.349
1022,180.763,-55.753,-0.343
1023,180.563,-56.195,-0.337
1024,180.334,-56.622,-0.327
1025,180.079,-57.034,-0.318
1026,179.803,-57.432,-0.310
1027,179.508,-57.817,-0.305
1028,179.198,-58.190,-0.297
1029,178.874,-58.551,-0.291
1030,178.540,-58.902,-0.283
1031,178.195,-59.243,-0.275
1032,177.843,-59.576,-0.268
1033,177.483,-59.901,-0.261
1034,177.118,-60.220,-0.255
1035,176.748,-60.533,-0.248
1036,176.375,-60.843,-0.241
1037,176.000,-61.149,-0.232
1038,175.623,-61.455,-0.225
1039,175.247,-61.761,-0.219
1040,174.872,-62.068,-0.212
1041,174.499,-62.378,-0.204
1042,174.130,-62.691,-0.196
1043,173.762,-63.008,-0.187
1044,173.397,-63.327,-0.180
1045,173.034,-63.648,-0.174
1046,172.673,-63.971,-0.167
1047,172.312,-64.295,-0.159
1048,171.953,-64.621,-0.151
1049,171.595,-64.947,-0.144
1050,171.236,-65.274,-0.137
1051,170.878,-65.601,-0.131
1052,170.520,-65.927,-0.125
1053,170.161,-66.253,-0.116
1054,169.801,-66.578,-0.106
1055,169.441,-66.903,-0.098
1056,169.080,-67.227,-0.092
1057,168.719,-67.550,-0.086
1058,168.358,-67.874,-0.079
1059,167.997,-68.197,-0.072
1060,167.637,-68.521,-0.066
1061,167.277,-68.846,-0.059
1062,166.917,-69.171,-0.052
1063,166.559,-69.498,-0.046
1064,166.202,-69.826,-0.037
1065,165.846,-70.155,-0.027
1066,165.492,-70.486,-0.020
1067,165.140,-70.819,-0.014
1068,164.789,-71.154,-0.007
1069,164.440,-71.491,-0.001
1070,164.093,-71.829,0.008
1071,163.747,-72.169,0.018
1072,163.404,-72.511,0.025
1073,163.061,-72.854,0.032
1074,162.721,-73.200,0.038
1075,162.382,-73.546,0.045
1076,162.046,-73.895,0.052
1077,161.710,-74.245,0.058
1078,161.377,-74.597,0.065
1079,161.045,-74.951,0.072
1080,160.715,-75.306,0.078
1081,160.386,-75.662,0.087
1082,160.059,-76.020,0.097
1083,159.733,-76.378,0.104
1084,159.408,-76.738,0.110
1085,159.085,-77.099,0.117
1086,158.762,-77.461,0.123
1087,158.441,-77.824,0.131
1088,158.120,-78.188,0.139
1089,157.800,-78.552,0.147
1090,157.481,-78.917,0.153
1091,157.163,-79.283,0.159
1092,156.845,-79.649,0.168
1093,156.528,-80.015,0.176
1094,156.211,-80.382,0.182
1095,155.895,-80.750,0.189
1096,155.579,-81.118,0.196
1097,155.264,-81.487,0.202
1098,154.950,-81.856,0.211
1099,154.637,-82.226,0.221
1100,154.324,-82.596,0.228
1101,154.013,-82.968,0.234
1102,153.702,-83.340,0.241
1103,153.392,-83.713,0.247
1104,153.083,-84.086,0.255
1105,152.775,-84.461,0.263
1106,152.468,-84.836,0.271
1107,152.163,-85.212,0.277
1108,151.858,-85.589,0.283
1109,151.554,-85.967,0.291
1110,151.251,-86.346,0.300
1111,150.948,-86.724,0.306
1112,150.645,-87.103,0.313
1113,150.342,-87.481,0.320
1114,150.038,-87.859,0.326
1115,149.733,-88.236,0.335
1116,149.428,-88.612,0.345
1117,149.120,-88.987,0.352
1118,148.811,-89.360,0.358
1119,148.500,-89.732,0.365
1120,148.187,-90.103,0.371
1121,147.873,-90.472,0.379
1122,147.558,-90.840,0.389
1123,147.242,-91.208,0.397
1124,146.927,-91.577,0.403
1125,146.613,-91.945,0.410
1126,146.300,-92.316,0.417
1127,145.988,-92.687,0.423
1128,145.680,-93.061,0.430
1129,145.374,-93.437,0.437
1130,145.072,-93.817,0.443
1131,144.774,-94.199,0.450
1132,144.481,-94.585,0.458
1133,144.193,-94.975,0.469
1134,143.910,-95.369,0.476
1135,143.631,-95.765,0.482
1136,143.356,-96.165,0.489
1137,143.085,-96.567,0.495
1138,142.818,-96.971,0.503
1139,142.553,-97.377,0.513
1140,142.292,-97.786,0.521
1141,142.033,-98.195,0.527
1142,141.776,-98.607,0.534
1143,141.521,-99.019,0.540
1144,141.267,-99.432,0.547
1145,141.015,-99.846,0.556
1146,140.764,-100.261,0.564
1147,140.513,-100.676,0.570
1148,140.264,-101.091,0.577
1149,140.014,-101.507,0.583
1150,139.766,-101.923,0.590
1151,139.517,-102.339,0.597
1152,139.268,-102.755,0.603
1153,139.019,-103.171,0.610
1154,138.769,-103.587,0.618
1155,138.519,-104.002,0.627
1156,138.268,-104.417,0.635
1157,138.016,-104.831,0.642
1158,137.762,-105.244,0.649
1159,137.508,-105.657,0.655
1160,137.252,-106.069,0.663
1161,136.996,-106.480,0.671
1162,136.739,-106.891,0.680
1163,136.482,-107.302,0.687
1164,136.224,-107.713,0.694
1165,135.967,-108.124,0.700
1166,135.711,-108.536,0.708
1167,135.455,-108.947,0.716
1168,135.200,-109.360,0.723
1169,134.946,-109.773,0.730
1170,134.694,-110.186,0.737
1171,134.443,-110.601,0.743
1172,134.194,-111.017,0.750
1173,133.946,-111.434,0.757
1174,133.700,-111.852,0.763
1175,133.455,-112.270,0.767
1176,133.209,-112.688,0.770
1177,132.963,-113.106,0.773
1178,132.716,-113.523,0.777
1179,132.467,-113.939,0.780
1180,132.215,-114.353,0.783
1181,131.961,-114.766,0.784
1182,131.703,-115.176,0.786
1183,131.442,-115.585,0.787
1184,131.178,-115.991,0.787
1185,130.912,-116.397,0.786
1186,130.646,-116.802,0.784
1187,130.380,-117.207,0.782
1188,130.114,-117.612,0.781
1189,129.850,-118.019,0.779
1190,129.588,-118.427,0.775
1191,129.328,-118.836,0.772
1192,129.066,-119.244,0.769
1193,128.797,-119.648,0.765
1194,128.517,-120.043,0.762
1195,128.220,-120.426,0.759
1196,127.902,-120.792,0.756
1197,127.560,-121.136,0.750
1198,127.195,-121.455,0.744
1199,126.812,-121.752,0.740
1200,126.415,-122.030,0.736
1201,126.007,-122.291,0.731
1202,125.590,-122.540,0.727
1203,125.169,-122.778,0.724
1204,124.743,-123.011,0.721
1205,124.315,-123.238,0.717
1206,123.884,-123.461,0.714
1207,123.451,-123.679,0.711
1208,123.015,-123.890,0.708
1209,122.575,-124.094,0.704
1210,122.132,-124.290,0.699
1211,121.684,-124.477,0.693
1212,121.234,-124.655,0.686
1213,120.779,-124.824,0.680
1214,120.321,-124.982,0.673
1215,119.859,-125.129,0.666
1216,119.393,-125.265,0.661
1217,118.925,-125.389,0.655
1218,118.453,-125.501,0.647
1219,117.979,-125.600,0.638
1220,117.501,-125.686,0.630
1221,117.022,-125.758,0.619
1222,116.541,-125.817,0.610
1223,116.058,-125.863,0.602
1224,115.575,-125.899,0.594
1225,115.091,-125.925,0.585
1226,114.606,-125.942,0.577
1227,114.122,-125.952,0.570
1228,113.637,-125.954,0.564
1229,113.152,-125.951,0.557
1230,112.667,-125.943,0.551
1231,112.183,-125.932,0.543
1232,111.698,-125.918,0.535
1233,111.214,-125.899,0.526
1234,110.729,-125.875,0.519
1235,110.245,-125.846,0.512
1236,109.762,-125.810,0.504
1237,109.279,-125.768,0.496
1238,108.797,-125.717,0.491
1239,108.316,-125.658,0.485
1240,107.836,-125.590,0.479
1241,107.357,-125.511,0.474
1242,106.881,-125.422,0.468
1243,106.407,-125.322,0.461
1244,105.935,-125.211,0.454
1245,105.465,-125.092,0.448
1246,104.997,-124.963,0.441
1247,104.532,-124.826,0.434
1248,104.070,-124.681,0.428
1249,103.610,-124.529,0.421
1250,103.152,-124.369,0.416
1251,102.696,-124.204,0.411
1252,102.243,-124.032,0.406
1253,101.792,-123.853,0.402
1254,101.345,-123.665,0.398
1255,100.903,-123.467,0.391
1256,100.465,-123.259,0.386
1257,100.033,-123.038,0.381
1258,99.608,-122.805,0.374
1259,99.191,-122.558,0.368
1260,98.783,-122.296,0.366
1261,98.385,-122.019,0.362
1262,97.998,-121.728,0.359
1263,97.620,-121.423,0.356
1264,97.254,-121.106,0.353
1265,96.900,-120.775,0.348
1266,96.557,-120.432,0.341
1267,96.226,-120.078,0.337
1268,95.909,-119.712,0.334
1269,95.605,-119.333,0.328
1270,95.319,-118.942,0.324
1271,95.053,-118.537,0.321
1272,94.809,-118.118,0.318
1273,94.591,-117.685,0.313
1274,94.401,-117.239,0.309
1275,94.240,-116.782,0.306
1276,94.106,-116.316,0.300
1277,93.998,-115.844,0.293
1278,93.914,-115.366,0.290
1279,93.854,-114.885,0.287
1280,93.815,-114.402,0.283
1281,93.796,-113.918,0.281
1282,93.796,-113.433,0.280
1283,93.812,-112.948,0.278
1284,93.842,-112.465,0.275
1285,93.885,-111.982,0.272
1286,93.938,-111.500,0.269
1287,93.999,-111.019,0.265
1288,94.067,-110.539,0.262
1289,94.141,-110.060,0.260
1290,94.220,-109.581,0.260
1291,94.302,-109.104,0.260
1292,94.386,-108.626,0.260
1293,94.472,-108.149,0.259
1294,94.557,-107.672,0.257
1295,94.642,-107.194,0.255
1296,94.725,-106.717,0.254
1297,94.805,-106.239,0.252
1298,94.883,-105.760,0.251
1299,94.959,-105.281,0.249
1300,95.033,-104.802,0.247
1301,95.104,-104.323,0.246
1302,95.172,-103.843,0.244
1303,95.238,-103.362,0.242
1304,95.301,-102.882,0.241
1305,95.361,-102.401,0.239
1306,95.419,-101.919,0.237
1307,95.474,-101.438,0.236
1308,95.527,-100.956,0.234
1309,95.578,-100.474,0.232
1310,95.628,-99.992,0.231
1311,95.678,-99.509,0.229
1312,95.727,-99.027,0.227
1313,95.775,-98.545,0.226
1314,95.825,-98.062,0.224
1315,95.874,-97.580,0.221
1316,95.925,-97.098,0.218
1317,95.977,-96.616,0.216
1318,96.030,-96.134,0.215
1319,96.081,-95.652,0.213
1320,96.131,-95.170,0.211
1321,96.178,-94.687,0.210
1322,96.221,-94.204,0.208
1323,96.258,-93.721,0.206
1324,96.290,-93.237,0.205
1325,96.314,-92.753,0.205
1326,96.330,-92.268,0.205
1327,96.338,-91.784,0.206
1328,96.336,-91.299,0.208
1329,96.324,-90.814,0.210
1330,96.303,-90.330,0.215
1331,96.272,-89.846,0.222
1332,96.231,-89.363,0.228
1333,96.179,-88.881,0.232
1334,96.116,-88.400,0.236
1335,96.042,-87.921,0.235
1336,95.957,-87.444,0.230
1337,95.862,-86.969,0.224
1338,95.756,-86.496,0.217
1339,95.640,-86.025,0.210
1340,95.514,-85.557,0.203
1341,95.380,-85.091,0.199
1342,95.238,-84.627,0.198
1343,95.088,-84.166,0.196
1344,94.930,-83.708,0.195
1345,94.766,-83.252,0.195
1346,94.596,-82.798,0.194
1347,94.419,-82.346,0.192
1348,94.238,-81.897,0.190
1349,94.052,-81.449,0.190
1350,93.862,-81.003,0.190
1351,93.669,-80.558,0.190
1352,93.473,-80.115,0.189
1353,93.275,-79.673,0.187
1354,93.075,-79.231,0.185
1355,92.875,-78.789,0.184
1356,92.674,-78.348,0.182
1357,92.473,-77.907,0.182
1358,92.274,-77.465,0.182
1359,92.075,-77.023,0.182
1360,91.876,-76.580,0.182
1361,91.679,-76.138,0.182
1362,91.482,-75.695,0.182
1363,91.285,-75.252,0.182
1364,91.089,-74.808,0.182
1365,90.893,-74.365,0.182
1366,90.697,-73.921,0.182
1367,90.501,-73.478,0.182
1368,90.306,-73.034,0.182
1369,90.110,-72.591,0.182
1370,89.914,-72.147,0.182
1371,89.718,-71.704,0.182
1372,89.521,-71.261,0.182
1373,89.324,-70.818,0.182
1374,89.128,-70.375,0.182
1375,88.931,-69.932,0.182
1376,88.734,-69.489,0.182
1377,88.537,-69.046,0.182
1378,88.340,-68.603,0.182
1379,88.144,-68.159,0.182
1380,87.948,-67.716,0.182
1381,87.753,-67.272,0.182
1382,87.558,-66.828,0.182
1383,87.364,-66.384,0.181
1384,87.170,-65.939,0.179
1385,86.978,-65.495,0.178
1386,86.785,-65.050,0.176
1387,86.593,-64.604,0.174
1388,86.401,-64.160,0.172
1389,86.207,-63.715,0.172
1390,86.011,-63.272,0.172
1391,85.813,-62.829,0.171
1392,85.612,-62.388,0.173
1393,85.407,-61.948,0.177
1394,85.199,-61.511,0.179
1395,84.986,-61.075,0.180
1396,84.767,-60.643,0.182
1397,84.543,-60.213,0.182
1398,84.312,-59.786,0.182
1399,84.075,-59.364,0.182
1400,83.829,-58.946,0.182
1401,83.576,-58.533,0.182
1402,83.313,-58.125,0.182
1403,83.041,-57.724,0.182
1404,82.759,-57.330,0.182
1405,82.467,-56.943,0.182
1406,82.167,-56.562,0.183
1407,81.859,-56.187,0.185
1408,81.547,-55.816,0.186
1409,81.230,-55.450,0.188
1410,80.910,-55.085,0.190
1411,80.588,-54.723,0.189
1412,80.266,-54.361,0.187
1413,79.944,-53.998,0.185
1414,79.624,-53.633,0.182
1415,79.307,-53.267,0.179
1416,78.993,-52.898,0.177
1417,78.680,-52.528,0.176
1418,78.369,-52.156,0.174
1419,78.058,-51.783,0.173
1420,77.749,-51.410,0.171
1421,77.440,-51.037,0.169
1422,77.130,-50.664,0.167
1423,76.820,-50.291,0.166
1424,76.509,-49.919,0.167
1425,76.196,-49.549,0.167
1426,75.881,-49.180,0.167
1427,75.564,-48.814,0.167
1428,75.245,-48.449,0.165
1429,74.923,-48.086,0.164
1430,74.599,-47.726,0.162
1431,74.272,-47.367,0.160
1432,73.944,-47.011,0.159
1433,73.614,-46.656,0.159
1434,73.282,-46.302,0.159
1435,72.948,-45.951,0.159
1436,72.613,-45.601,0.161
1437,72.276,-45.252,0.162
1438,71.937,-44.905,0.161
1439,71.597,-44.560,0.162
1440,71.256,-44.215,0.161
1441,70.913,-43.872,0.159
1442,70.570,-43.530,0.157
1443,70.225,-43.190,0.156
1444,69.879,-42.850,0.154
1445,69.532,-42.511,0.152
1446,69.185,-42.173,0.151
1447,68.837,-41.835,0.151
1448,68.489,-41.497,0.151
1449,68.141,-41.160,0.151
1450,67.793,-40.823,0.149
1451,67.444,-40.486,0.148
1452,67.097,-40.148,0.146
1453,66.749,-39.810,0.144
1454,66.402,-39.471,0.143
1455,66.056,-39.132,0.143
1456,65.711,-38.791,0.143
1457,65.367,-38.450,0.143
1458,65.023,-38.108,0.143
1459,64.678,-37.767,0.144
1460,64.333,-37.427,0.143
1461,63.985,-37.089,0.141
1462,63.635,-36.754,0.138
1463,63.282,-36.422,0.135
1464,62.925,-36.094,0.131
1465,62.563,-35.772,0.129
1466,62.196,-35.455,0.128
1467,61.823,-35.145,0.130
1468,61.444,-34.843,0.131
1469,61.058,-34.549,0.130
1470,60.665,-34.265,0.131
1471,60.268,-33.987,0.130
1472,59.869,-33.711,0.128
1473,59.472,-33.433,0.128
1474,59.081,-33.147,0.128
1475,58.698,-32.849,0.128
1476,58.329,-32.535,0.128
1477,57.978,-32.200,0.127
1478,57.651,-31.843,0.124
1479,57.344,-31.468,0.118
1480,57.056,-31.078,0.111
1481,56.781,-30.679,0.104
1482,56.517,-30.272,0.099
1483,56.257,-29.863,0.097
1484,56.000,-29.452,0.097
1485,55.742,-29.041,0.096
1486,55.487,-28.629,0.094
1487,55.238,-28.213,0.091
1488,54.999,-27.791,0.088
1489,54.775,-27.361,0.084
1490,54.570,-26.922,0.081
1491,54.388,-26.473,0.078
1492,54.231,-26.014,0.077
1493,54.093,-25.550,0.073
1494,53.968,-25.081,0.070
1495,53.851,-24.611,0.069
1496,53.734,-24.140,0.066
1497,53.614,-23.671,0.063
1498,53.482,-23.204,0.063
1499,53.335,-22.742,0.063
1500,53.171,-22.286,0.063
1501,52.988,-21.837,0.065
1502,52.787,-21.396,0.066
1503,52.567,-20.964,0.066
1504,52.328,-20.542,0.066
1505,52.069,-20.133,0.066
1506,51.791,-19.735,0.066
1507,51.496,-19.351,0.066
1508,51.184,-18.980,0.066
1509,50.857,-18.622,0.066
1510,50.515,-18.278,0.066
1511,50.161,-17.948,0.066
1512,49.793,-17.631,0.066
1513,49.415,-17.329,0.066
1514,49.026,-17.039,0.066
1515,48.628,-16.763,0.064
1516,48.221,-16.499,0.062
1517,47.807,-16.247,0.061
1518,47.386,-16.007,0.059
1519,46.959,-15.777,0.058
1520,46.526,-15.559,0.058
1521,46.089,-15.350,0.058
1522,45.647,-15.150,0.058
1523,45.201,-14.959,0.058
1524,44.753,-14.775,0.058
1525,44.301,-14.598,0.058
1526,43.847,-14.428,0.060
1527,43.392,-14.262,0.062
1528,42.934,-14.102,0.064
1529,42.476,-13.944,0.065
1530,42.016,-13.790,0.066
1531,41.556,-13.637,0.066
1532,41.095,-13.486,0.066
1533,40.634,-13.337,0.067
1534,40.173,-13.188,0.068
1535,39.711,-13.041,0.070
1536,39.249,-12.895,0.072
1537,38.786,-12.749,0.073
1538,38.324,-12.604,0.075
1539,37.861,-12.458,0.077
1540,37.399,-12.313,0.078
1541,36.936,-12.167,0.080
1542,36.474,-12.021,0.082
1543,36.012,-11.874,0.084
1544,35.551,-11.726,0.085
1545,35.089,-11.576,0.087
1546,34.629,-11.426,0.089
1547,34.168,-11.274,0.090
1548,33.708,-11.122,0.092
1549,33.248,-10.968,0.093
1550,32.789,-10.813,0.095
1551,32.330,-10.657,0.097
1552,31.871,-10.500,0.097
1553,31.413,-10.342,0.097
1554,30.955,-10.182,0.097
1555,30.497,-10.022,0.097
1556,30.040,-9.860,0.097
1557,29.584,-9.698,0.097
1558,29.127,-9.534,0.097
1559,28.671,-9.370,0.097
1560,28.216,-9.204,0.097
1561,27.761,-9.037,0.097
1562,27.306,-8.869,0.097
1563,26.851,-8.700,0.097
1564,26.397,-8.530,0.097
1565,25.944,-8.359,0.097
1566,25.490,-8.187,0.097
1567,25.038,-8.014,0.097
1568,24.585,-7.840,0.097
1569,24.133,-7.665,0.097
1570,23.682,-7.488,0.097
1571,23.230,-7.311,0.097
1572,22.780,-7.133,0.097
1573,22.329,-6.953,0.097
1574,21.879,-6.773,0.097
1575,21.429,-6.592,0.097
1576,20.980,-6.410,0.097
1577,20.531,-6.227,0.097
1578,20.082,-6.044,0.097
1579,19.634,-5.860,0.097
1580,19.186,-5.675,0.099
1581,18.738,-5.489,0.100
1582,18.290,-5.303,0.102
1583,17.843,-5.116,0.104
1584,17.396,-4.929,0.105
1585,16.949,-4.741,0.105
1586,16.502,-4.553,0.105
1587,16.055,-4.365,0.105
1588,15.609,-4.176,0.105
1589,15.162,-3.987,0.105
1590,14.716,-3.797,0.105
1591,14.270,-3.607,0.105
1592,13.824,-3.417,0.105
1593,13.378,-3.227,0.105
1594,12.932,-3.037,0.105
1595,12.486,-2.847,0.105
1596,12.040,-2.657,0.105
1597,11.594,-2.467,0.104
1598,11.148,-2.276,0.105
1599,10.702,-2.086,0.107
1600,10.256,-1.896,0.109
1601,9.810,-1.707,0.111
1602,9.364,-1.517,0.115
1603,8.918,-1.328,0.117
1604,8.471,-1.139,0.118
1605,8.025,-0.950,0.120
1606,7.578,-0.761,0.120
1607,7.131,-0.573,0.120
1608,6.685,-0.384,0.120
1609,6.238,-0.196,0.121
1610,5.791,-0.008,0.123
1611,5.344,0.180,0.125
1612,4.898,0.368,0.127
1613,4.451,0.556,0.128
1614,4.004,0.744,0.128
1615,3.557,0.932,0.128
1616,3.110,1.120,0.128
1617,2.663,1.308,0.128
1618,2.216,1.496,0.127
1619,1.769,1.684,0.125
1620,1.322,1.872,0.124
1621,0.876,2.060,0.122
1622,0.429,2.248,0.120
1623,-0.018,2.437,0.120
1624,-0.464,2.625,0.120
1625,-0.911,2.814,0.120
1626,-1.357,3.003,0.120
1627,-1.804,3.192,0.120
1628,-2.250,3.381,0.120
1629,-2.696,3.571,0.120
1630,-3.142,3.760,0.120
1631,-3.589,3.950,0.120
1632,-4.034,4.141,0.120
1633,-4.480,4.331,0.120
1634,-4.926,4.522,0.122
1635,-5.372,4.712,0.123
1636,-5.817,4.903,0.125
1637,-6.263,5.094,0.127
1638,-6.708,5.286,0.128
1639,-7.154,5.477,0.128
1640,-7.599,5.669,0.128
1641,-8.044,5.860,0.128
1642,-8.490,6.052,0.128
1643,-8.935,6.244,0.128
1644,-9.380,6.436,0.128
1645,-9.825,6.628,0.128
1646,-10.270,6.820,0.128
1647,-10.715,7.013,0.128
1648,-11.160,7.205,0.128
1649,-11.605,7.397,0.128
1650,-12.050,7.590,0.130
1651,-12.495,7.782,0.132
1652,-12.940,7.975,0.134
1653,-13.385,8.168,0.135
1654,-13.830,8.360,0.137
1655,-14.275,8.552,0.139
1656,-14.720,8.745,0.140
1657,-15.165,8.937,0.142
1658,-15.610,9.128,0.144
1659,-16.056,9.320,0.143
1660,-16.501,9.511,0.143
1661,-16.947,9.702,0.143
1662,-17.393,9.892,0.143
1663,-17.839,10.082,0.143
1664,-18.285,10.271,0.143
1665,-18.732,10.460,0.143
1666,-19.179,10.648,0.143
1667,-19.626,10.836,0.143
1668,-20.073,11.022,0.143
1669,-20.521,11.208,0.143
1670,-20.969,11.394,0.143
1671,-21.417,11.578,0.143
1672,-21.866,11.761,0.143
1673,-22.315,11.944,0.143
1674,-22.764,12.126,0.143
1675,-23.214,12.306,0.143
1676,-23.665,12.486,0.143
1677,-24.115,12.664,0.143
1678,-24.566,12.842,0.143
1679,-25.018,13.019,0.143
1680,-25.469,13.195,0.144
1681,-25.921,13.371,0.143
1682,-26.373,13.546,0.142
1683,-26.825,13.721,0.140
1684,-27.278,13.896,0.138
1685,-27.730,14.070,0.137
1686,-28.183,14.244,0.135
1687,-28.635,14.418,0.136
1688,-29.088,14.592,0.136
1689,-29.540,14.765,0.135
1690,-29.993,14.939,0.134
1691,-30.445,15.113,0.132
1692,-30.898,15.288,0.130
1693,-31.350,15.463,0.128
1694,-31.802,15.638,0.128
1695,-32.253,15.815,0.128
1696,-32.704,15.993,0.128
1697,-33.155,16.172,0.128
1698,-33.605,16.352,0.128
1699,-34.054,16.535,0.128
1700,-34.502,16.720,0.128
1701,-34.949,16.906,0.128
1702,-35.396,17.096,0.129
1703,-35.841,17.287,0.131
1704,-36.285,17.482,0.131
1705,-36.727,17.680,0.131
1706,-37.169,17.881,0.130
1707,-37.608,18.085,0.128
1708,-38.047,18.291,0.127
1709,-38.484,18.501,0.125
1710,-38.921,18.712,0.122
1711,-39.356,18.925,0.118
1712,-39.791,19.139,0.115
1713,-40.225,19.355,0.112
1714,-40.659,19.572,0.108
1715,-41.092,19.789,0.105
1716,-41.525,20.007,0.102
1717,-41.958,20.226,0.098
1718,-42.391,20.444,0.095
1719,-42.824,20.662,0.092
1720,-43.257,20.879,0.088
1721,-43.691,21.095,0.085
1722,-44.125,21.311,0.083
1723,-44.560,21.527,0.085
1724,-44.994,21.741,0.091
1725,-45.429,21.955,0.100
1726,-45.865,22.169,0.111
1727,-46.300,22.381,0.123
1728,-46.736,22.594,0.133
1729,-47.172,22.805,0.138
1730,-47.609,23.016,0.139
1731,-48.046,23.226,0.137
1732,-48.483,23.435,0.131
1733,-48.921,23.643,0.125
1734,-49.359,23.851,0.118
1735,-49.797,24.059,0.111
1736,-50.236,24.265,0.106
1737,-50.675,24.471,0.100
1738,-51.114,24.676,0.090
1739,-51.554,24.880,0.078
1740,-51.994,25.084,0.063
1741,-52.434,25.287,0.043
1742,-52.875,25.489,0.023
1743,-53.315,25.691,0.005
1744,-53.756,25.892,-0.009
1745,-54.197,26.094,-0.019
1746,-54.638,26.296,-0.025
1747,-55.079,26.498,-0.024
1748,-55.519,26.700,-0.020
1749,-55.960,26.903,-0.013
1750,-56.399,27.107,-0.006
1751,-56.839,27.311,0.006
1752,-57.278,27.517,0.025
1753,-57.716,27.724,0.045
1754,-58.154,27.932,0.066
1755,-58.591,28.142,0.089
1756,-59.027,28.354,0.116
1757,-59.462,28.567,0.145
1758,-59.897,28.783,0.174
1759,-60.330,29.000,0.207
1760,-60.763,29.219,0.237
1761,-61.195,29.439,0.257
1762,-61.626,29.660,0.273
1763,-62.058,29.881,0.290
1764,-62.489,30.102,0.305
1765,-62.921,30.323,0.319
1766,-63.352,30.544,0.333
1767,-63.785,30.763,0.345
1768,-64.217,30.982,0.355
1769,-64.651,31.198,0.362
1770,-65.086,31.413,0.365
1771,-65.521,31.626,0.366
1772,-65.958,31.836,0.364
1773,-66.396,32.043,0.362
1774,-66.836,32.247,0.361
1775,-67.278,32.447,0.362
1776,-67.721,32.643,0.365
1777,-68.167,32.835,0.368
1778,-68.614,33.022,0.374
1779,-69.063,33.204,0.383
1780,-69.514,33.382,0.391
1781,-69.967,33.556,0.398
1782,-70.421,33.725,0.404
1783,-70.876,33.891,0.411
1784,-71.333,34.053,0.416
1785,-71.792,34.211,0.422
1786,-72.251,34.366,0.429
1787,-72.712,34.518,0.433
1788,-73.173,34.666,0.436
1789,-73.635,34.812,0.438
1790,-74.099,34.955,0.438
1791,-74.563,35.095,0.438
1792,-75.028,35.232,0.441
1793,-75.493,35.368,0.445
1794,-75.959,35.501,0.448
1795,-76.426,35.633,0.452
1796,-76.893,35.762,0.454
1797,-77.361,35.890,0.454
1798,-77.829,36.017,0.455
1799,-78.297,36.142,0.457
1800,-78.765,36.267,0.461
1801,-79.234,36.390,0.464
1802,-79.704,36.512,0.467
1803,-80.173,36.633,0.469
1804,-80.642,36.754,0.469
1805,-81.112,36.875,0.469
1806,-81.582,36.995,0.471
1807,-82.051,37.115,0.473
1808,-82.521,37.234,0.474
1809,-82.991,37.354,0.476
1810,-83.461,37.475,0.477
1811,-83.930,37.595,0.477
1812,-84.399,37.717,0.477
1813,-84.869,37.838,0.477
1814,-85.338,37.961,0.477
1815,-85.806,38.085,0.478
1816,-86.275,38.210,0.480
1817,-86.743,38.336,0.482
1818,-87.211,38.464,0.484
1819,-87.678,38.593,0.485
1820,-88.145,38.723,0.485
1821,-88.611,38.856,0.485
1822,-89.077,38.989,0.487
1823,-89.543,39.123,0.489
1824,-90.009,39.257,0.491
1825,-90.475,39.392,0.492
1826,-90.940,39.527,0.493
1827,-91.406,39.662,0.492
1828,-91.872,39.796,0.492
1829,-92.338,39.929,0.494
1830,-92.804,40.061,0.496
1831,-93.271,40.192,0.497
1832,-93.739,40.321,0.499
1833,-94.206,40.449,0.500
1834,-94.675,40.574,0.500
1835,-95.144,40.697,0.500
1836,-95.613,40.817,0.500
1837,-96.084,40.934,0.500
1838,-96.555,41.048,0.501
1839,-97.027,41.159,0.503
1840,-97.499,41.270,0.505
1841,-97.970,41.383,0.506
1842,-98.441,41.498,0.508
1843,-98.911,41.619,0.510
1844,-99.378,41.746,0.511
1845,-99.844,41.883,0.513
1846,-100.306,42.030,0.515
1847,-100.764,42.188,0.516
1848,-101.219,42.356,0.516
1849,-101.670,42.532,0.516
1850,-102.118,42.717,0.516
1851,-102.563,42.910,0.516
1852,-103.006,43.108,0.516
1853,-103.446,43.311,0.516
1854,-103.884,43.518,0.516
1855,-104.321,43.729,0.515
1856,-104.756,43.942,0.516
1857,-105.191,44.157,0.517
1858,-105.625,44.373,0.519
1859,-106.059,44.588,0.521
1860,-106.494,44.802,0.523
1861,-106.930,45.015,0.524
1862,-107.366,45.226,0.523
1863,-107.803,45.436,0.524
1864,-108.241,45.644,0.523
1865,-108.680,45.851,0.521
1866,-109.118,46.057,0.521
1867,-109.558,46.262,0.521
1868,-109.998,46.465,0.521
1869,-110.438,46.668,0.521
1870,-110.879,46.870,0.521
1871,-111.320,47.072,0.519
1872,-111.761,47.272,0.517
1873,-112.203,47.472,0.516
1874,-112.645,47.672,0.517
1875,-113.086,47.871,0.519
1876,-113.529,48.070,0.521
1877,-113.971,48.269,0.521
1878,-114.413,48.467,0.520
1879,-114.855,48.666,0.518
1880,-115.297,48.865,0.518
1881,-115.740,49.064,0.519
1882,-116.182,49.263,0.520
1883,-116.624,49.462,0.521
1884,-117.065,49.662,0.521
1885,-117.507,49.862,0.519
1886,-117.949,50.062,0.517
1887,-118.390,50.262,0.516
1888,-118.831,50.462,0.516
1889,-119.273,50.663,0.516
1890,-119.714,50.864,0.516
1891,-120.155,51.065,0.516
1892,-120.596,51.266,0.516
1893,-121.037,51.467,0.516
1894,-121.479,51.668,0.515
1895,-121.920,51.870,0.516
1896,-122.361,52.071,0.518
1897,-122.802,52.272,0.520
1898,-123.242,52.474,0.521
1899,-123.683,52.675,0.521
1900,-124.124,52.877,0.520
1901,-124.565,53.078,0.518
1902,-125.006,53.280,0.518
1903,-125.447,53.481,0.519
1904,-125.888,53.682,0.521
1905,-126.329,53.884,0.523
1906,-126.770,54.085,0.524
1907,-127.211,54.287,0.523
1908,-127.652,54.488,0.523
1909,-128.093,54.689,0.524
1910,-128.534,54.891,0.526
1911,-128.975,55.092,0.528
1912,-129.416,55.293,0.529
1913,-129.857,55.494,0.529
1914,-130.298,55.696,0.527
1915,-130.740,55.897,0.525
1916,-131.181,56.098,0.524
1917,-131.622,56.299,0.523
1918,-132.063,56.500,0.523
1919,-132.504,56.702,0.523
1920,-132.945,56.903,0.523
1921,-133.386,57.104,0.523
1922,-133.827,57.305,0.523
1923,-134.268,57.506,0.523
1924,-134.710,57.707,0.523
1925,-135.151,57.908,0.523
1926,-135.592,58.109,0.523
1927,-136.033,58.310,0.523
1928,-136.474,58.511,0.524
1929,-136.916,58.711,0.523
1930,-137.357,58.912,0.521
1931,-137.798,59.113,0.519
1932,-138.239,59.314,0.518
1933,-138.681,59.514,0.518
1934,-139.122,59.715,0.519
1935,-139.563,59.916,0.521
1936,-140.005,60.116,0.521
1937,-140.446,60.317,0.520
1938,-140.888,60.517,0.520
1939,-141.329,60.718,0.521
1940,-141.770,60.918,0.522